graph_id,src,dst
1,1,0
1,0,1
1,2,1
1,1,2
1,3,2
1,2,3
1,4,3
1,3,4
1,5,4
1,4,5
1,5,0
1,0,5
1,6,4
1,4,6
1,7,6
1,6,7
1,8,7
1,7,8
1,9,8
1,8,9
1,9,3
1,3,9
1,10,9
1,9,10
1,11,10
1,10,11
1,12,11
1,11,12
1,13,12
1,12,13
1,13,8
1,8,13
1,14,12
1,12,14
1,15,14
1,14,15
1,16,14
1,14,16
2,1,0
2,0,1
2,2,1
2,1,2
2,3,2
2,2,3
2,4,3
2,3,4
2,5,4
2,4,5
2,6,5
2,5,6
2,7,6
2,6,7
2,7,2
2,2,7
2,8,7
2,7,8
2,9,8
2,8,9
2,9,0
2,0,9
2,10,8
2,8,10
2,11,10
2,10,11
2,12,10
2,10,12
3,1,0
3,0,1
3,2,1
3,1,2
3,3,2
3,2,3
3,4,3
3,3,4
3,5,4
3,4,5
3,6,5
3,5,6
3,7,6
3,6,7
3,7,2
3,2,7
3,8,3
3,3,8
3,9,8
3,8,9
3,9,0
3,0,9
3,10,8
3,8,10
3,11,10
3,10,11
3,12,10
3,10,12
4,1,0
4,0,1
4,2,1
4,1,2
4,3,2
4,2,3
4,4,3
4,3,4
4,5,4
4,4,5
4,5,0
4,0,5
4,6,4
4,4,6
4,7,6
4,6,7
4,8,7
4,7,8
4,9,8
4,8,9
4,10,9
4,9,10
4,11,10
4,10,11
4,11,6
4,6,11
4,12,11
4,11,12
4,12,3
4,3,12
4,13,12
4,12,13
4,14,13
4,13,14
4,15,14
4,14,15
4,15,10
4,10,15
4,16,13
4,13,16
4,17,16
4,16,17
4,18,16
4,16,18
5,1,0
5,0,1
5,2,1
5,1,2
5,3,2
5,2,3
5,4,3
5,3,4
5,5,4
5,4,5
5,5,0
5,0,5
5,6,5
5,5,6
5,7,3
5,3,7
5,8,7
5,7,8
5,9,7
5,7,9
5,10,2
5,2,10
6,1,0
6,0,1
6,2,1
6,1,2
6,3,2
6,2,3
6,4,3
6,3,4
6,5,4
6,4,5
6,6,5
6,5,6
6,7,6
6,6,7
6,7,2
6,2,7
6,8,7
6,7,8
6,9,8
6,8,9
6,9,0
6,0,9
6,10,9
6,9,10
6,11,10
6,10,11
6,12,11
6,11,12
6,13,12
6,12,13
6,13,8
6,8,13
6,14,13
6,13,14
6,15,14
6,14,15
6,15,6
6,6,15
6,16,12
6,12,16
6,17,16
6,16,17
6,18,16
6,16,18
6,19,10
6,10,19
6,20,19
6,19,20
6,21,19
6,19,21
6,22,5
6,5,22
6,23,22
6,22,23
6,24,22
6,22,24
6,25,3
6,3,25
6,26,25
6,25,26
6,27,25
6,25,27
7,1,0
7,0,1
7,2,1
7,1,2
7,3,2
7,2,3
7,4,3
7,3,4
7,5,4
7,4,5
7,6,5
7,5,6
7,6,1
7,1,6
7,7,6
7,6,7
7,8,7
7,7,8
7,9,7
7,7,9
7,10,3
7,3,10
7,11,10
7,10,11
7,12,11
7,11,12
7,13,12
7,12,13
7,14,13
7,13,14
7,15,14
7,14,15
7,15,10
7,10,15
8,1,0
8,0,1
8,2,1
8,1,2
8,3,1
8,1,3
8,4,3
8,3,4
8,5,4
8,4,5
8,6,5
8,5,6
8,7,6
8,6,7
8,8,7
8,7,8
8,9,8
8,8,9
8,9,4
8,4,9
8,10,8
8,8,10
8,11,10
8,10,11
8,12,11
8,11,12
8,12,7
8,7,12
8,13,12
8,12,13
8,14,13
8,13,14
8,15,14
8,14,15
8,16,15
8,15,16
8,16,11
8,11,16
8,17,15
8,15,17
8,18,17
8,17,18
8,19,17
8,17,19
9,1,0
9,0,1
9,2,1
9,1,2
9,3,2
9,2,3
9,4,3
9,3,4
9,5,4
9,4,5
9,6,5
9,5,6
9,6,2
9,2,6
9,7,6
9,6,7
9,8,7
9,7,8
9,8,0
9,0,8
9,9,8
9,8,9
9,10,9
9,9,10
9,11,9
9,9,11
10,1,0
10,0,1
10,2,1
10,1,2
10,3,2
10,2,3
10,4,3
10,3,4
10,5,4
10,4,5
10,6,5
10,5,6
10,6,1
10,1,6
10,7,5
10,5,7
10,8,7
10,7,8
10,9,8
10,8,9
10,9,4
10,4,9
10,10,9
10,9,10
10,11,10
10,10,11
10,12,11
10,11,12
10,13,12
10,12,13
10,13,8
10,8,13
10,14,12
10,12,14
10,15,14
10,14,15
10,16,14
10,14,16
11,1,0
11,0,1
11,2,1
11,1,2
11,3,2
11,2,3
11,4,3
11,3,4
11,5,4
11,4,5
11,5,0
11,0,5
11,6,4
11,4,6
11,7,6
11,6,7
11,8,7
11,7,8
11,9,8
11,8,9
11,9,3
11,3,9
11,10,9
11,9,10
11,11,10
11,10,11
11,12,11
11,11,12
11,13,12
11,12,13
11,13,8
11,8,13
11,14,7
11,7,14
11,15,14
11,14,15
11,16,14
11,14,16
12,1,0
12,0,1
12,2,1
12,1,2
12,3,2
12,2,3
12,4,3
12,3,4
12,5,4
12,4,5
12,6,5
12,5,6
12,7,6
12,6,7
12,7,2
12,2,7
12,8,7
12,7,8
12,9,8
12,8,9
12,9,0
12,0,9
12,10,9
12,9,10
12,11,10
12,10,11
12,12,11
12,11,12
12,13,12
12,12,13
12,13,8
12,8,13
12,14,13
12,13,14
12,15,14
12,14,15
12,15,6
12,6,15
12,16,12
12,12,16
12,17,5
12,5,17
12,18,17
12,17,18
12,19,17
12,17,19
13,1,0
13,0,1
13,2,1
13,1,2
13,3,2
13,2,3
13,4,3
13,3,4
13,5,4
13,4,5
13,5,0
13,0,5
13,6,4
13,4,6
13,7,6
13,6,7
13,8,7
13,7,8
13,9,8
13,8,9
13,10,9
13,9,10
13,11,10
13,10,11
13,11,6
13,6,11
13,12,11
13,11,12
13,12,3
13,3,12
13,13,12
13,12,13
13,14,13
13,13,14
13,15,14
13,14,15
13,15,10
13,10,15
13,16,14
13,14,16
13,17,16
13,16,17
13,18,16
13,16,18
13,19,9
13,9,19
13,20,19
13,19,20
13,21,19
13,19,21
14,1,0
14,0,1
14,2,1
14,1,2
14,3,2
14,2,3
14,4,3
14,3,4
14,5,4
14,4,5
14,6,5
14,5,6
14,7,6
14,6,7
14,7,2
14,2,7
14,8,7
14,7,8
14,9,8
14,8,9
14,9,1
14,1,9
14,10,4
14,4,10
14,11,10
14,10,11
14,12,10
14,10,12
15,1,0
15,0,1
15,2,1
15,1,2
15,3,2
15,2,3
15,4,3
15,3,4
15,5,4
15,4,5
15,6,5
15,5,6
15,7,6
15,6,7
15,8,7
15,7,8
15,9,8
15,8,9
15,10,9
15,9,10
15,10,5
15,5,10
15,11,10
15,10,11
15,11,2
15,2,11
15,12,11
15,11,12
15,13,12
15,12,13
15,13,0
15,0,13
15,14,12
15,12,14
15,15,14
15,14,15
15,15,9
15,9,15
15,16,8
15,8,16
15,17,16
15,16,17
15,18,16
15,16,18
16,1,0
16,0,1
16,2,1
16,1,2
16,3,2
16,2,3
16,4,3
16,3,4
16,5,4
16,4,5
16,5,0
16,0,5
16,6,4
16,4,6
16,7,6
16,6,7
16,8,7
16,7,8
16,9,8
16,8,9
16,10,9
16,9,10
16,11,10
16,10,11
16,11,6
16,6,11
16,12,11
16,11,12
16,12,3
16,3,12
16,13,12
16,12,13
16,14,13
16,13,14
16,15,14
16,14,15
16,15,10
16,10,15
16,16,15
16,15,16
16,17,16
16,16,17
16,18,16
16,16,18
16,19,9
16,9,19
16,20,19
16,19,20
16,21,19
16,19,21
17,1,0
17,0,1
17,2,1
17,1,2
17,3,2
17,2,3
17,4,3
17,3,4
17,5,4
17,4,5
17,5,0
17,0,5
17,6,4
17,4,6
17,7,3
17,3,7
17,8,7
17,7,8
17,9,7
17,7,9
17,10,2
17,2,10
18,1,0
18,0,1
18,2,1
18,1,2
18,3,2
18,2,3
18,4,3
18,3,4
18,5,4
18,4,5
18,5,0
18,0,5
18,6,4
18,4,6
18,7,6
18,6,7
18,8,7
18,7,8
18,9,8
18,8,9
18,10,9
18,9,10
18,11,10
18,10,11
18,11,6
18,6,11
18,12,11
18,11,12
18,12,3
18,3,12
18,13,12
18,12,13
18,14,8
18,8,14
18,15,14
18,14,15
18,16,14
18,14,16
19,1,0
19,0,1
19,2,1
19,1,2
19,3,2
19,2,3
19,4,3
19,3,4
19,5,4
19,4,5
19,6,5
19,5,6
19,7,6
19,6,7
19,7,2
19,2,7
19,8,7
19,7,8
19,9,8
19,8,9
19,9,0
19,0,9
19,10,4
19,4,10
19,11,10
19,10,11
19,12,10
19,10,12
20,1,0
20,0,1
20,2,1
20,1,2
20,3,2
20,2,3
20,4,3
20,3,4
20,5,4
20,4,5
20,5,0
20,0,5
20,6,5
20,5,6
20,7,6
20,6,7
20,8,3
20,3,8
20,9,8
20,8,9
20,10,9
20,9,10
20,10,2
20,2,10
20,11,10
20,10,11
20,12,11
20,11,12
20,13,12
20,12,13
20,14,13
20,13,14
20,14,9
20,9,14
20,15,13
20,13,15
20,16,15
20,15,16
20,17,15
20,15,17
21,1,0
21,0,1
21,2,1
21,1,2
21,3,2
21,2,3
21,4,3
21,3,4
21,5,4
21,4,5
21,5,0
21,0,5
21,6,4
21,4,6
21,7,6
21,6,7
21,8,6
21,6,8
21,9,2
21,2,9
21,10,9
21,9,10
21,11,10
21,10,11
21,12,11
21,11,12
21,13,12
21,12,13
21,14,13
21,13,14
21,14,9
21,9,14
21,15,12
21,12,15
21,16,15
21,15,16
21,17,15
21,15,17
22,1,0
22,0,1
22,2,1
22,1,2
22,3,2
22,2,3
22,4,3
22,3,4
22,5,4
22,4,5
22,5,0
22,0,5
22,6,5
22,5,6
22,7,6
22,6,7
22,8,6
22,6,8
22,9,3
22,3,9
22,10,9
22,9,10
22,11,10
22,10,11
22,11,2
22,2,11
22,12,11
22,11,12
22,13,12
22,12,13
22,14,13
22,13,14
22,15,14
22,14,15
22,15,10
22,10,15
22,16,14
22,14,16
23,1,0
23,0,1
23,2,1
23,1,2
23,3,2
23,2,3
23,4,3
23,3,4
23,5,4
23,4,5
23,5,0
23,0,5
23,6,4
23,4,6
23,7,6
23,6,7
23,8,7
23,7,8
23,9,8
23,8,9
23,9,3
23,3,9
23,10,9
23,9,10
23,11,10
23,10,11
23,12,11
23,11,12
23,13,12
23,12,13
23,14,13
23,13,14
23,15,14
23,14,15
23,16,15
23,15,16
23,16,11
23,11,16
23,17,16
23,16,17
23,17,8
23,8,17
23,18,17
23,17,18
23,19,18
23,18,19
23,19,15
23,15,19
23,20,19
23,19,20
23,21,20
23,20,21
23,22,20
23,20,22
24,1,0
24,0,1
24,2,1
24,1,2
24,3,2
24,2,3
24,4,3
24,3,4
24,5,4
24,4,5
24,6,5
24,5,6
24,7,6
24,6,7
24,8,7
24,7,8
24,9,8
24,8,9
24,10,9
24,9,10
24,11,10
24,10,11
24,12,11
24,11,12
24,13,12
24,12,13
24,14,13
24,13,14
24,15,14
24,14,15
24,16,15
24,15,16
24,17,16
24,16,17
24,17,0
24,0,17
24,18,17
24,17,18
24,19,18
24,18,19
24,19,2
24,2,19
24,20,19
24,19,20
24,20,5
24,5,20
24,21,20
24,20,21
24,21,8
24,8,21
24,22,21
24,21,22
24,22,11
24,11,22
24,23,22
24,22,23
24,23,14
24,14,23
24,23,18
24,18,23
24,24,9
24,9,24
24,25,24
24,24,25
24,26,24
24,24,26
25,1,0
25,0,1
25,2,1
25,1,2
25,3,2
25,2,3
25,4,3
25,3,4
25,5,4
25,4,5
25,5,0
25,0,5
25,6,5
25,5,6
25,7,6
25,6,7
25,8,6
25,6,8
25,9,3
25,3,9
25,10,9
25,9,10
25,11,10
25,10,11
25,11,2
25,2,11
25,12,11
25,11,12
25,13,12
25,12,13
25,14,13
25,13,14
25,15,14
25,14,15
25,15,10
25,10,15
25,16,14
25,14,16
26,1,0
26,0,1
26,2,1
26,1,2
26,3,2
26,2,3
26,4,3
26,3,4
26,5,4
26,4,5
26,5,0
26,0,5
26,6,5
26,5,6
26,7,6
26,6,7
26,8,6
26,6,8
26,9,3
26,3,9
26,10,9
26,9,10
26,11,9
26,9,11
26,12,2
26,2,12
27,1,0
27,0,1
27,2,1
27,1,2
27,3,2
27,2,3
27,4,3
27,3,4
27,5,4
27,4,5
27,5,0
27,0,5
27,6,4
27,4,6
27,7,6
27,6,7
27,8,7
27,7,8
27,9,8
27,8,9
27,10,9
27,9,10
27,11,10
27,10,11
27,12,11
27,11,12
27,13,12
27,12,13
27,14,13
27,13,14
27,15,14
27,14,15
27,15,10
27,10,15
27,16,15
27,15,16
27,16,7
27,7,16
27,17,16
27,16,17
27,17,3
27,3,17
27,18,17
27,17,18
27,19,18
27,18,19
27,19,14
27,14,19
27,20,13
27,13,20
27,21,20
27,20,21
27,22,20
27,20,22
28,1,0
28,0,1
28,2,1
28,1,2
28,3,2
28,2,3
28,4,3
28,3,4
28,5,4
28,4,5
28,5,0
28,0,5
28,6,5
28,5,6
28,7,6
28,6,7
28,8,6
28,6,8
28,9,3
28,3,9
28,10,9
28,9,10
28,11,10
28,10,11
28,11,2
28,2,11
28,12,11
28,11,12
28,13,12
28,12,13
28,14,13
28,13,14
28,15,14
28,14,15
28,15,10
28,10,15
28,16,14
28,14,16
29,1,0
29,0,1
29,2,1
29,1,2
29,3,2
29,2,3
29,4,3
29,3,4
29,5,4
29,4,5
29,5,0
29,0,5
29,6,5
29,5,6
29,7,6
29,6,7
29,8,6
29,6,8
29,9,3
29,3,9
29,10,9
29,9,10
29,11,9
29,9,11
29,12,11
29,11,12
29,12,2
29,2,12
29,13,12
29,12,13
29,14,13
29,13,14
29,15,14
29,14,15
29,16,15
29,15,16
29,16,11
29,11,16
29,17,15
29,15,17
29,18,17
29,17,18
29,19,17
29,17,19
29,20,13
29,13,20
29,21,20
29,20,21
29,22,20
29,20,22
30,1,0
30,0,1
30,2,1
30,1,2
30,3,2
30,2,3
30,4,3
30,3,4
30,5,4
30,4,5
30,6,5
30,5,6
30,7,6
30,6,7
30,8,7
30,7,8
30,9,8
30,8,9
30,10,9
30,9,10
30,11,10
30,10,11
30,11,6
30,6,11
30,12,11
30,11,12
30,13,12
30,12,13
30,14,13
30,13,14
30,14,5
30,5,14
30,15,14
30,14,15
30,16,15
30,15,16
30,16,3
30,3,16
30,17,16
30,16,17
30,17,0
30,0,17
30,18,12
30,12,18
30,19,18
30,18,19
30,19,10
30,10,19
30,20,19
30,19,20
30,21,20
30,20,21
30,22,20
30,20,22
31,1,0
31,0,1
31,2,1
31,1,2
31,3,2
31,2,3
31,4,3
31,3,4
31,5,4
31,4,5
31,5,0
31,0,5
31,6,4
31,4,6
31,7,6
31,6,7
31,8,7
31,7,8
31,9,8
31,8,9
31,10,9
31,9,10
31,11,10
31,10,11
31,11,6
31,6,11
31,12,11
31,11,12
31,12,3
31,3,12
31,13,12
31,12,13
31,14,13
31,13,14
31,15,14
31,14,15
31,15,10
31,10,15
31,16,14
31,14,16
31,17,16
31,16,17
31,18,16
31,16,18
31,19,13
31,13,19
31,20,19
31,19,20
31,21,19
31,19,21
32,1,0
32,0,1
32,2,1
32,1,2
32,3,2
32,2,3
32,4,3
32,3,4
32,5,4
32,4,5
32,5,0
32,0,5
32,6,5
32,5,6
32,7,6
32,6,7
32,8,7
32,7,8
32,9,8
32,8,9
32,10,9
32,9,10
32,11,10
32,10,11
32,11,6
32,6,11
32,12,11
32,11,12
32,13,12
32,12,13
32,14,12
32,12,14
32,15,9
32,9,15
32,16,15
32,15,16
32,17,15
32,15,17
32,18,3
32,3,18
32,19,18
32,18,19
32,20,18
32,18,20
32,21,2
32,2,21
32,22,21
32,21,22
32,23,21
32,21,23
33,1,0
33,0,1
33,2,1
33,1,2
33,3,2
33,2,3
33,4,3
33,3,4
33,5,4
33,4,5
33,5,0
33,0,5
33,6,5
33,5,6
33,7,6
33,6,7
33,8,7
33,7,8
33,9,7
33,7,9
33,10,9
33,9,10
33,11,9
33,9,11
33,12,9
33,9,12
33,13,3
33,3,13
33,14,13
33,13,14
33,15,14
33,14,15
33,15,2
33,2,15
33,16,15
33,15,16
33,17,16
33,16,17
33,18,17
33,17,18
33,19,18
33,18,19
33,19,14
33,14,19
33,20,18
33,18,20
33,21,20
33,20,21
33,22,20
33,20,22
34,1,0
34,0,1
34,2,1
34,1,2
34,3,2
34,2,3
34,4,3
34,3,4
34,5,4
34,4,5
34,6,5
34,5,6
34,7,6
34,6,7
34,8,7
34,7,8
34,8,3
34,3,8
34,9,8
34,8,9
34,9,0
34,0,9
34,10,5
34,5,10
34,11,10
34,10,11
34,12,10
34,10,12
35,1,0
35,0,1
35,2,1
35,1,2
35,3,2
35,2,3
35,4,3
35,3,4
35,5,4
35,4,5
35,5,0
35,0,5
35,6,5
35,5,6
35,7,3
35,3,7
35,8,7
35,7,8
35,9,8
35,8,9
35,9,2
35,2,9
35,10,9
35,9,10
35,11,10
35,10,11
35,12,11
35,11,12
35,13,12
35,12,13
35,13,8
35,8,13
35,14,12
35,12,14
35,15,14
35,14,15
35,16,14
35,14,16
36,1,0
36,0,1
36,2,1
36,1,2
36,3,2
36,2,3
36,4,3
36,3,4
36,5,4
36,4,5
36,6,5
36,5,6
36,7,6
36,6,7
36,8,7
36,7,8
36,8,3
36,3,8
36,9,8
36,8,9
36,10,9
36,9,10
36,10,1
36,1,10
36,11,10
36,10,11
36,12,11
36,11,12
36,13,11
36,11,13
37,1,0
37,0,1
37,2,1
37,1,2
37,3,2
37,2,3
37,4,3
37,3,4
37,5,4
37,4,5
37,5,0
37,0,5
37,6,3
37,3,6
37,7,6
37,6,7
37,8,7
37,7,8
37,9,8
37,8,9
37,10,9
37,9,10
37,11,10
37,10,11
37,12,11
37,11,12
37,13,12
37,12,13
37,13,8
37,8,13
37,14,11
37,11,14
37,15,14
37,14,15
37,16,14
37,14,16
38,1,0
38,0,1
38,2,1
38,1,2
38,3,2
38,2,3
38,4,3
38,3,4
38,5,4
38,4,5
38,5,0
38,0,5
38,6,3
38,3,6
38,7,6
38,6,7
38,8,7
38,7,8
38,9,8
38,8,9
38,10,9
38,9,10
38,11,10
38,10,11
38,11,6
38,6,11
38,12,9
38,9,12
38,13,12
38,12,13
38,14,12
38,12,14
39,1,0
39,0,1
39,2,1
39,1,2
39,3,2
39,2,3
39,4,3
39,3,4
39,5,4
39,4,5
39,6,5
39,5,6
39,7,6
39,6,7
39,8,7
39,7,8
39,9,8
39,8,9
39,9,4
39,4,9
39,10,9
39,9,10
39,11,10
39,10,11
39,11,2
39,2,11
39,12,10
39,10,12
39,13,12
39,12,13
39,14,12
39,12,14
40,1,0
40,0,1
40,2,1
40,1,2
40,3,2
40,2,3
40,4,3
40,3,4
40,5,4
40,4,5
40,5,0
40,0,5
40,6,4
40,4,6
40,7,6
40,6,7
40,8,7
40,7,8
40,9,8
40,8,9
40,9,3
40,3,9
40,10,9
40,9,10
40,11,10
40,10,11
40,12,10
40,10,12
41,1,0
41,0,1
41,2,1
41,1,2
41,3,2
41,2,3
41,4,3
41,3,4
41,5,4
41,4,5
41,5,0
41,0,5
41,6,5
41,5,6
41,7,6
41,6,7
41,8,6
41,6,8
41,9,3
41,3,9
41,10,9
41,9,10
41,11,10
41,10,11
41,11,2
41,2,11
41,12,11
41,11,12
41,13,12
41,12,13
41,14,13
41,13,14
41,15,14
41,14,15
41,15,10
41,10,15
41,16,14
41,14,16
42,1,0
42,0,1
42,2,1
42,1,2
42,3,2
42,2,3
42,4,3
42,3,4
42,5,4
42,4,5
42,6,5
42,5,6
42,7,6
42,6,7
42,8,7
42,7,8
42,8,3
42,3,8
42,9,8
42,8,9
42,9,1
42,1,9
42,10,5
42,5,10
42,11,10
42,10,11
42,12,10
42,10,12
43,1,0
43,0,1
43,2,1
43,1,2
43,3,2
43,2,3
43,4,3
43,3,4
43,5,4
43,4,5
43,5,0
43,0,5
43,6,4
43,4,6
43,7,6
43,6,7
43,8,7
43,7,8
43,9,8
43,8,9
43,10,9
43,9,10
43,11,10
43,10,11
43,11,6
43,6,11
43,12,11
43,11,12
43,12,3
43,3,12
43,13,12
43,12,13
43,14,13
43,13,14
43,15,14
43,14,15
43,15,10
43,10,15
43,16,14
43,14,16
43,17,16
43,16,17
43,18,16
43,16,18
44,1,0
44,0,1
44,2,1
44,1,2
44,3,2
44,2,3
44,4,3
44,3,4
44,5,4
44,4,5
44,5,0
44,0,5
44,6,4
44,4,6
44,7,6
44,6,7
44,8,7
44,7,8
44,9,8
44,8,9
44,9,3
44,3,9
44,10,9
44,9,10
44,11,10
44,10,11
44,12,11
44,11,12
44,13,12
44,12,13
44,13,8
44,8,13
44,14,12
44,12,14
44,15,14
44,14,15
44,16,14
44,14,16
45,1,0
45,0,1
45,2,1
45,1,2
45,3,2
45,2,3
45,4,3
45,3,4
45,5,4
45,4,5
45,5,0
45,0,5
45,6,5
45,5,6
45,7,6
45,6,7
45,8,6
45,6,8
45,9,2
45,2,9
45,10,9
45,9,10
45,11,9
45,9,11
46,1,0
46,0,1
46,2,1
46,1,2
46,3,2
46,2,3
46,4,3
46,3,4
46,5,4
46,4,5
46,6,5
46,5,6
46,7,6
46,6,7
46,7,2
46,2,7
46,8,7
46,7,8
46,9,8
46,8,9
46,9,0
46,0,9
46,10,9
46,9,10
46,11,10
46,10,11
46,12,11
46,11,12
46,13,12
46,12,13
46,13,8
46,8,13
46,14,13
46,13,14
46,15,14
46,14,15
46,15,6
46,6,15
46,16,12
46,12,16
46,17,16
46,16,17
46,18,16
46,16,18
46,19,5
46,5,19
46,20,19
46,19,20
46,21,20
46,20,21
46,22,21
46,21,22
46,22,4
46,4,22
47,1,0
47,0,1
47,2,1
47,1,2
47,3,2
47,2,3
47,4,3
47,3,4
47,5,4
47,4,5
47,5,0
47,0,5
47,6,5
47,5,6
47,7,6
47,6,7
47,8,7
47,7,8
47,9,8
47,8,9
47,9,4
47,4,9
47,10,9
47,9,10
47,11,10
47,10,11
47,12,11
47,11,12
47,13,12
47,12,13
47,13,8
47,8,13
47,14,12
47,12,14
47,15,14
47,14,15
47,16,14
47,14,16
47,17,10
47,10,17
47,18,17
47,17,18
47,18,3
47,3,18
47,19,1
47,1,19
47,20,19
47,19,20
47,21,19
47,19,21
48,1,0
48,0,1
48,2,1
48,1,2
48,3,2
48,2,3
48,4,3
48,3,4
48,5,4
48,4,5
48,6,5
48,5,6
48,7,6
48,6,7
48,8,7
48,7,8
48,9,8
48,8,9
48,10,9
48,9,10
48,10,5
48,5,10
48,11,10
48,10,11
48,12,11
48,11,12
48,12,3
48,3,12
48,13,12
48,12,13
48,13,0
48,0,13
48,14,7
48,7,14
48,15,14
48,14,15
48,16,14
48,14,16
49,1,0
49,0,1
49,2,1
49,1,2
49,3,2
49,2,3
49,4,3
49,3,4
49,5,4
49,4,5
49,5,0
49,0,5
49,6,5
49,5,6
49,7,6
49,6,7
49,8,6
49,6,8
49,9,3
49,3,9
49,10,9
49,9,10
49,11,10
49,10,11
49,12,11
49,11,12
49,13,12
49,12,13
49,14,13
49,13,14
49,15,14
49,14,15
49,15,10
49,10,15
49,16,15
49,15,16
49,16,2
49,2,16
49,17,12
49,12,17
49,18,17
49,17,18
49,19,17
49,17,19
50,1,0
50,0,1
50,2,1
50,1,2
50,3,2
50,2,3
50,4,3
50,3,4
50,5,4
50,4,5
50,6,5
50,5,6
50,7,6
50,6,7
50,7,2
50,2,7
50,8,7
50,7,8
50,9,8
50,8,9
50,10,8
50,8,10
50,11,3
50,3,11
50,12,11
50,11,12
50,12,0
50,0,12
50,13,11
50,11,13
50,14,13
50,13,14
50,15,13
50,13,15
51,1,0
51,0,1
51,2,1
51,1,2
51,3,2
51,2,3
51,4,3
51,3,4
51,5,4
51,4,5
51,6,5
51,5,6
51,7,6
51,6,7
51,7,2
51,2,7
51,8,7
51,7,8
51,9,8
51,8,9
51,9,0
51,0,9
51,10,9
51,9,10
51,11,10
51,10,11
51,12,11
51,11,12
51,13,12
51,12,13
51,13,8
51,8,13
51,14,13
51,13,14
51,15,14
51,14,15
51,15,6
51,6,15
51,16,15
51,15,16
51,17,16
51,16,17
51,18,17
51,17,18
51,19,18
51,18,19
51,19,14
51,14,19
51,20,12
51,12,20
51,21,20
51,20,21
51,22,20
51,20,22
51,23,3
51,3,23
51,24,23
51,23,24
51,25,23
51,23,25
52,1,0
52,0,1
52,2,1
52,1,2
52,3,2
52,2,3
52,4,3
52,3,4
52,5,4
52,4,5
52,6,5
52,5,6
52,7,6
52,6,7
52,8,7
52,7,8
52,9,8
52,8,9
52,10,9
52,9,10
52,10,5
52,5,10
52,11,10
52,10,11
52,11,2
52,2,11
52,12,11
52,11,12
52,13,12
52,12,13
52,13,0
52,0,13
52,14,12
52,12,14
52,15,14
52,14,15
52,15,9
52,9,15
52,16,15
52,15,16
52,17,16
52,16,17
52,18,17
52,17,18
52,19,18
52,18,19
52,19,14
52,14,19
52,20,8
52,8,20
52,21,20
52,20,21
52,22,20
52,20,22
52,23,6
52,6,23
52,24,23
52,23,24
52,25,23
52,23,25
53,1,0
53,0,1
53,2,1
53,1,2
53,3,2
53,2,3
53,4,3
53,3,4
53,5,4
53,4,5
53,5,0
53,0,5
53,6,5
53,5,6
53,7,6
53,6,7
53,8,6
53,6,8
53,9,3
53,3,9
53,10,9
53,9,10
53,11,10
53,10,11
53,11,2
53,2,11
53,12,11
53,11,12
53,13,12
53,12,13
53,14,13
53,13,14
53,15,14
53,14,15
53,15,10
53,10,15
53,16,14
53,14,16
53,17,16
53,16,17
53,18,16
53,16,18
54,1,0
54,0,1
54,2,1
54,1,2
54,3,2
54,2,3
54,4,3
54,3,4
54,5,4
54,4,5
54,5,0
54,0,5
54,6,5
54,5,6
54,7,6
54,6,7
54,8,6
54,6,8
54,9,3
54,3,9
54,10,9
54,9,10
54,11,10
54,10,11
54,12,11
54,11,12
54,13,12
54,12,13
54,14,13
54,13,14
54,15,14
54,14,15
54,15,10
54,10,15
54,16,15
54,15,16
54,16,2
54,2,16
54,17,13
54,13,17
54,18,12
54,12,18
55,1,0
55,0,1
55,2,1
55,1,2
55,3,2
55,2,3
55,4,3
55,3,4
55,5,4
55,4,5
55,6,5
55,5,6
55,7,6
55,6,7
55,7,2
55,2,7
55,8,7
55,7,8
55,9,8
55,8,9
55,10,9
55,9,10
55,10,1
55,1,10
55,11,10
55,10,11
55,12,11
55,11,12
55,13,11
55,11,13
56,1,0
56,0,1
56,2,1
56,1,2
56,3,2
56,2,3
56,4,3
56,3,4
56,5,4
56,4,5
56,5,0
56,0,5
56,6,4
56,4,6
56,7,6
56,6,7
56,8,7
56,7,8
56,9,8
56,8,9
56,10,9
56,9,10
56,11,10
56,10,11
56,12,11
56,11,12
56,12,7
56,7,12
56,13,12
56,12,13
56,13,3
56,3,13
56,14,10
56,10,14
56,15,14
56,14,15
56,16,14
56,14,16
57,1,0
57,0,1
57,2,1
57,1,2
57,3,2
57,2,3
57,4,3
57,3,4
57,5,4
57,4,5
57,5,0
57,0,5
57,6,5
57,5,6
57,7,6
57,6,7
57,8,7
57,7,8
57,9,8
57,8,9
57,10,9
57,9,10
57,11,10
57,10,11
57,11,6
57,6,11
57,12,11
57,11,12
57,13,12
57,12,13
57,14,12
57,12,14
57,15,9
57,9,15
57,16,15
57,15,16
57,17,15
57,15,17
57,18,2
57,2,18
57,19,18
57,18,19
57,20,18
57,18,20
58,1,0
58,0,1
58,2,1
58,1,2
58,3,2
58,2,3
58,4,3
58,3,4
58,5,4
58,4,5
58,6,5
58,5,6
58,7,6
58,6,7
58,8,7
58,7,8
58,8,3
58,3,8
58,9,8
58,8,9
58,9,0
58,0,9
58,10,9
58,9,10
58,11,10
58,10,11
58,12,11
58,11,12
58,12,7
58,7,12
58,13,12
58,12,13
58,14,13
58,13,14
58,15,13
58,13,15
58,16,4
58,4,16
58,17,16
58,16,17
58,18,17
58,17,18
58,18,2
58,2,18
58,19,18
58,18,19
58,20,19
58,19,20
58,21,20
58,20,21
58,22,21
58,21,22
58,22,17
58,17,22
58,23,20
58,20,23
58,24,19
58,19,24
59,1,0
59,0,1
59,2,1
59,1,2
59,3,2
59,2,3
59,4,3
59,3,4
59,5,4
59,4,5
59,5,0
59,0,5
59,6,4
59,4,6
59,7,6
59,6,7
59,8,7
59,7,8
59,9,8
59,8,9
59,9,3
59,3,9
59,10,9
59,9,10
59,11,10
59,10,11
59,12,11
59,11,12
59,13,12
59,12,13
59,13,8
59,8,13
59,14,12
59,12,14
59,15,14
59,14,15
59,16,15
59,15,16
59,17,16
59,16,17
59,17,11
59,11,17
59,18,17
59,17,18
59,19,18
59,18,19
59,19,10
59,10,19
59,20,18
59,18,20
59,21,20
59,20,21
59,22,20
59,20,22
60,1,0
60,0,1
60,2,1
60,1,2
60,3,2
60,2,3
60,4,3
60,3,4
60,5,4
60,4,5
60,6,5
60,5,6
60,7,6
60,6,7
60,7,2
60,2,7
60,8,7
60,7,8
60,9,8
60,8,9
60,9,0
60,0,9
60,10,8
60,8,10
60,11,10
60,10,11
60,12,10
60,10,12
60,13,6
60,6,13
60,14,13
60,13,14
60,15,13
60,13,15
60,16,4
60,4,16
60,17,16
60,16,17
60,18,16
60,16,18
61,1,0
61,0,1
61,2,1
61,1,2
61,3,2
61,2,3
61,4,3
61,3,4
61,5,4
61,4,5
61,5,0
61,0,5
61,6,5
61,5,6
61,7,6
61,6,7
61,8,6
61,6,8
61,9,3
61,3,9
61,10,9
61,9,10
61,11,10
61,10,11
61,11,2
61,2,11
61,12,11
61,11,12
61,13,12
61,12,13
61,14,13
61,13,14
61,15,14
61,14,15
61,15,10
61,10,15
61,16,14
61,14,16
62,1,0
62,0,1
62,2,1
62,1,2
62,3,2
62,2,3
62,4,3
62,3,4
62,5,4
62,4,5
62,5,0
62,0,5
62,6,5
62,5,6
62,7,6
62,6,7
62,8,6
62,6,8
62,9,3
62,3,9
62,10,2
62,2,10
63,1,0
63,0,1
63,2,1
63,1,2
63,3,2
63,2,3
63,4,3
63,3,4
63,4,0
63,0,4
63,5,4
63,4,5
63,6,5
63,5,6
63,7,6
63,6,7
63,8,7
63,7,8
63,9,7
63,7,9
63,10,9
63,9,10
63,11,10
63,10,11
63,12,11
63,11,12
63,13,12
63,12,13
63,14,13
63,13,14
63,15,14
63,14,15
63,16,15
63,15,16
63,16,12
63,12,16
63,17,15
63,15,17
63,18,17
63,17,18
63,19,17
63,17,19
63,20,2
63,2,20
63,21,20
63,20,21
63,22,20
63,20,22
64,1,0
64,0,1
64,2,1
64,1,2
64,3,2
64,2,3
64,4,3
64,3,4
64,5,4
64,4,5
64,5,0
64,0,5
64,6,5
64,5,6
64,7,6
64,6,7
64,8,6
64,6,8
64,9,3
64,3,9
64,10,9
64,9,10
64,11,9
64,9,11
64,12,11
64,11,12
64,12,2
64,2,12
64,13,12
64,12,13
64,14,13
64,13,14
64,15,14
64,14,15
64,16,15
64,15,16
64,16,11
64,11,16
64,17,15
64,15,17
64,18,17
64,17,18
64,19,17
64,17,19
65,1,0
65,0,1
65,2,1
65,1,2
65,3,2
65,2,3
65,4,3
65,3,4
65,5,4
65,4,5
65,5,0
65,0,5
65,6,4
65,4,6
65,7,6
65,6,7
65,8,7
65,7,8
65,9,8
65,8,9
65,9,3
65,3,9
65,10,9
65,9,10
65,11,10
65,10,11
65,12,10
65,10,12
65,13,7
65,7,13
65,14,13
65,13,14
65,15,13
65,13,15
66,1,0
66,0,1
66,2,1
66,1,2
66,3,2
66,2,3
66,4,3
66,3,4
66,5,4
66,4,5
66,5,0
66,0,5
66,6,4
66,4,6
66,7,6
66,6,7
66,8,6
66,6,8
66,9,2
66,2,9
66,10,9
66,9,10
66,11,10
66,10,11
66,12,11
66,11,12
66,13,12
66,12,13
66,14,13
66,13,14
66,14,9
66,9,14
66,15,12
66,12,15
67,1,0
67,0,1
67,2,1
67,1,2
67,3,2
67,2,3
67,4,3
67,3,4
67,5,4
67,4,5
67,5,0
67,0,5
67,6,4
67,4,6
67,7,6
67,6,7
67,8,7
67,7,8
67,9,8
67,8,9
67,10,9
67,9,10
67,11,10
67,10,11
67,11,6
67,6,11
67,12,11
67,11,12
67,12,3
67,3,12
67,13,12
67,12,13
67,14,13
67,13,14
67,15,14
67,14,15
67,15,10
67,10,15
67,16,14
67,14,16
67,17,13
67,13,17
67,18,17
67,17,18
67,19,17
67,17,19
68,1,0
68,0,1
68,2,1
68,1,2
68,3,2
68,2,3
68,4,3
68,3,4
68,5,4
68,4,5
68,5,0
68,0,5
68,6,4
68,4,6
68,7,6
68,6,7
68,8,7
68,7,8
68,9,8
68,8,9
68,10,9
68,9,10
68,11,10
68,10,11
68,12,11
68,11,12
68,13,12
68,12,13
68,14,13
68,13,14
68,15,14
68,14,15
68,15,10
68,10,15
68,16,15
68,15,16
68,16,7
68,7,16
68,17,16
68,16,17
68,17,3
68,3,17
68,18,17
68,17,18
68,19,18
68,18,19
68,19,14
68,14,19
68,20,11
68,11,20
68,21,20
68,20,21
68,22,20
68,20,22
69,1,0
69,0,1
69,2,1
69,1,2
69,3,2
69,2,3
69,4,3
69,3,4
69,5,4
69,4,5
69,5,0
69,0,5
69,6,4
69,4,6
69,7,6
69,6,7
69,8,6
69,6,8
69,9,3
69,3,9
69,10,9
69,9,10
69,11,10
69,10,11
69,12,11
69,11,12
69,13,12
69,12,13
69,14,13
69,13,14
69,14,9
69,9,14
69,15,14
69,14,15
69,15,2
69,2,15
69,16,12
69,12,16
69,17,16
69,16,17
69,18,16
69,16,18
70,1,0
70,0,1
70,2,1
70,1,2
70,3,2
70,2,3
70,4,3
70,3,4
70,5,4
70,4,5
70,5,0
70,0,5
70,6,5
70,5,6
70,7,6
70,6,7
70,8,6
70,6,8
70,9,3
70,3,9
70,10,9
70,9,10
70,11,9
70,9,11
70,12,11
70,11,12
70,13,11
70,11,13
70,13,2
70,2,13
71,1,0
71,0,1
71,2,1
71,1,2
71,3,2
71,2,3
71,4,3
71,3,4
71,5,4
71,4,5
71,6,5
71,5,6
71,7,6
71,6,7
71,7,2
71,2,7
71,8,7
71,7,8
71,9,8
71,8,9
71,9,0
71,0,9
71,10,9
71,9,10
71,11,10
71,10,11
71,12,11
71,11,12
71,13,12
71,12,13
71,13,8
71,8,13
71,14,13
71,13,14
71,15,14
71,14,15
71,15,6
71,6,15
71,16,15
71,15,16
71,17,16
71,16,17
71,18,17
71,17,18
71,19,18
71,18,19
71,19,14
71,14,19
71,20,12
71,12,20
71,21,20
71,20,21
71,22,20
71,20,22
71,23,5
71,5,23
71,24,23
71,23,24
71,25,23
71,23,25
72,1,0
72,0,1
72,2,1
72,1,2
72,3,2
72,2,3
72,4,3
72,3,4
72,5,4
72,4,5
72,5,0
72,0,5
72,6,4
72,4,6
72,7,6
72,6,7
72,8,7
72,7,8
72,8,3
72,3,8
72,9,8
72,8,9
72,10,9
72,9,10
72,11,10
72,10,11
72,12,11
72,11,12
72,12,7
72,7,12
72,13,11
72,11,13
72,14,13
72,13,14
72,15,13
72,13,15
73,1,0
73,0,1
73,2,1
73,1,2
73,3,2
73,2,3
73,4,3
73,3,4
73,5,4
73,4,5
73,5,0
73,0,5
73,6,4
73,4,6
73,7,6
73,6,7
73,8,7
73,7,8
73,9,8
73,8,9
73,10,9
73,9,10
73,11,10
73,10,11
73,11,6
73,6,11
73,12,10
73,10,12
73,13,3
73,3,13
73,14,13
73,13,14
73,15,13
73,13,15
74,1,0
74,0,1
74,2,1
74,1,2
74,3,2
74,2,3
74,4,3
74,3,4
74,5,4
74,4,5
74,6,5
74,5,6
74,7,6
74,6,7
74,7,2
74,2,7
74,8,7
74,7,8
74,9,8
74,8,9
74,9,0
74,0,9
74,10,8
74,8,10
74,11,10
74,10,11
74,11,6
74,6,11
74,12,11
74,11,12
74,13,12
74,12,13
74,14,13
74,13,14
74,15,14
74,14,15
74,16,15
74,15,16
74,17,16
74,16,17
74,18,17
74,17,18
74,18,13
74,13,18
74,19,18
74,18,19
74,19,10
74,10,19
74,20,15
74,15,20
74,21,20
74,20,21
74,22,20
74,20,22
75,1,0
75,0,1
75,2,1
75,1,2
75,3,2
75,2,3
75,4,3
75,3,4
75,5,4
75,4,5
75,5,0
75,0,5
75,6,5
75,5,6
75,7,6
75,6,7
75,8,7
75,7,8
75,9,8
75,8,9
75,10,9
75,9,10
75,11,10
75,10,11
75,11,6
75,6,11
75,12,9
75,9,12
75,13,12
75,12,13
75,14,12
75,12,14
75,15,2
75,2,15
75,16,15
75,15,16
75,17,15
75,15,17
76,1,0
76,0,1
76,2,1
76,1,2
76,3,2
76,2,3
76,4,3
76,3,4
76,5,4
76,4,5
76,5,0
76,0,5
76,6,4
76,4,6
76,7,6
76,6,7
76,8,6
76,6,8
76,9,3
76,3,9
77,1,0
77,0,1
77,2,1
77,1,2
77,3,2
77,2,3
77,4,3
77,3,4
77,5,4
77,4,5
77,5,0
77,0,5
77,6,4
77,4,6
77,7,6
77,6,7
77,8,7
77,7,8
77,9,8
77,8,9
77,10,9
77,9,10
77,11,10
77,10,11
77,11,6
77,6,11
77,12,10
77,10,12
77,13,12
77,12,13
77,14,12
77,12,14
77,15,3
77,3,15
78,1,0
78,0,1
78,2,1
78,1,2
78,3,2
78,2,3
78,4,3
78,3,4
78,5,4
78,4,5
78,6,5
78,5,6
78,6,1
78,1,6
78,7,6
78,6,7
78,8,7
78,7,8
78,9,8
78,8,9
78,10,9
78,9,10
78,11,10
78,10,11
78,12,11
78,11,12
78,12,7
78,7,12
78,13,10
78,10,13
78,14,13
78,13,14
78,15,13
78,13,15
79,1,0
79,0,1
79,2,1
79,1,2
79,3,2
79,2,3
79,4,3
79,3,4
79,5,4
79,4,5
79,5,0
79,0,5
79,6,4
79,4,6
79,7,6
79,6,7
79,8,7
79,7,8
79,9,8
79,8,9
79,10,9
79,9,10
79,11,10
79,10,11
79,12,11
79,11,12
79,12,7
79,7,12
79,13,12
79,12,13
79,13,3
79,3,13
79,14,10
79,10,14
79,15,14
79,14,15
79,16,14
79,14,16
80,1,0
80,0,1
80,2,1
80,1,2
80,3,2
80,2,3
80,4,3
80,3,4
80,5,4
80,4,5
80,6,5
80,5,6
80,7,6
80,6,7
80,7,2
80,2,7
80,8,7
80,7,8
80,9,8
80,8,9
80,9,0
80,0,9
80,10,8
80,8,10
80,11,10
80,10,11
80,11,6
80,6,11
80,12,11
80,11,12
80,13,12
80,12,13
80,14,13
80,13,14
80,15,14
80,14,15
80,15,10
80,10,15
80,16,12
80,12,16
80,17,16
80,16,17
80,18,16
80,16,18
81,1,0
81,0,1
81,2,1
81,1,2
81,3,2
81,2,3
81,4,3
81,3,4
81,5,4
81,4,5
81,5,0
81,0,5
81,6,4
81,4,6
81,7,6
81,6,7
81,8,6
81,6,8
81,9,2
81,2,9
81,10,9
81,9,10
81,11,9
81,9,11
82,1,0
82,0,1
82,2,1
82,1,2
82,3,2
82,2,3
82,4,3
82,3,4
82,5,4
82,4,5
82,5,0
82,0,5
82,6,4
82,4,6
82,7,6
82,6,7
82,8,7
82,7,8
82,9,8
82,8,9
82,10,9
82,9,10
82,11,10
82,10,11
82,11,6
82,6,11
82,12,11
82,11,12
82,12,3
82,3,12
82,13,12
82,12,13
82,14,13
82,13,14
82,15,14
82,14,15
82,15,10
82,10,15
82,16,14
82,14,16
82,17,16
82,16,17
82,18,16
82,16,18
82,19,13
82,13,19
82,20,19
82,19,20
82,21,19
82,19,21
82,22,9
82,9,22
82,23,22
82,22,23
82,24,22
82,22,24
83,1,0
83,0,1
83,2,1
83,1,2
83,3,2
83,2,3
83,4,3
83,3,4
83,5,4
83,4,5
83,6,5
83,5,6
83,7,6
83,6,7
83,8,7
83,7,8
83,9,8
83,8,9
83,10,9
83,9,10
83,10,5
83,5,10
83,11,10
83,10,11
83,11,3
83,3,11
83,12,11
83,11,12
83,12,0
83,0,12
83,13,7
83,7,13
83,14,13
83,13,14
83,15,13
83,13,15
84,1,0
84,0,1
84,2,1
84,1,2
84,3,2
84,2,3
84,4,3
84,3,4
84,5,4
84,4,5
84,6,5
84,5,6
84,7,6
84,6,7
84,7,2
84,2,7
84,8,5
84,5,8
84,9,8
84,8,9
84,10,8
84,8,10
85,1,0
85,0,1
85,2,1
85,1,2
85,3,2
85,2,3
85,4,3
85,3,4
85,5,4
85,4,5
85,5,0
85,0,5
85,6,4
85,4,6
85,7,6
85,6,7
85,8,7
85,7,8
85,9,8
85,8,9
85,10,9
85,9,10
85,11,10
85,10,11
85,12,11
85,11,12
85,13,12
85,12,13
85,13,8
85,8,13
85,14,13
85,13,14
85,15,14
85,14,15
85,16,15
85,15,16
85,16,7
85,7,16
85,17,16
85,16,17
85,17,3
85,3,17
85,18,17
85,17,18
85,19,18
85,18,19
85,19,15
85,15,19
85,20,19
85,19,20
85,21,20
85,20,21
85,22,20
85,20,22
86,1,0
86,0,1
86,2,1
86,1,2
86,3,2
86,2,3
86,4,3
86,3,4
86,5,4
86,4,5
86,6,5
86,5,6
86,7,6
86,6,7
86,8,7
86,7,8
86,9,8
86,8,9
86,10,9
86,9,10
86,11,10
86,10,11
86,11,6
86,6,11
86,12,11
86,11,12
86,13,12
86,12,13
86,14,13
86,13,14
86,14,5
86,5,14
86,15,14
86,14,15
86,16,15
86,15,16
86,16,3
86,3,16
86,17,16
86,16,17
86,17,0
86,0,17
86,18,12
86,12,18
86,19,18
86,18,19
86,19,10
86,10,19
86,20,18
86,18,20
86,21,20
86,20,21
86,22,20
86,20,22
87,1,0
87,0,1
87,2,1
87,1,2
87,3,2
87,2,3
87,4,3
87,3,4
87,5,4
87,4,5
87,5,0
87,0,5
87,6,4
87,4,6
87,7,6
87,6,7
87,8,7
87,7,8
87,9,8
87,8,9
87,10,9
87,9,10
87,11,10
87,10,11
87,11,6
87,6,11
87,12,11
87,11,12
87,12,3
87,3,12
87,13,8
87,8,13
87,14,13
87,13,14
87,15,13
87,13,15
88,1,0
88,0,1
88,2,1
88,1,2
88,3,1
88,1,3
88,4,3
88,3,4
88,5,4
88,4,5
88,6,5
88,5,6
88,7,6
88,6,7
88,8,7
88,7,8
88,8,3
88,3,8
88,9,6
88,6,9
88,10,9
88,9,10
88,11,9
88,9,11
89,1,0
89,0,1
89,2,1
89,1,2
89,3,2
89,2,3
89,4,3
89,3,4
89,5,4
89,4,5
89,6,5
89,5,6
89,7,6
89,6,7
89,7,2
89,2,7
89,8,7
89,7,8
89,9,8
89,8,9
89,10,8
89,8,10
89,11,3
89,3,11
89,12,11
89,11,12
89,12,1
89,1,12
90,1,0
90,0,1
90,2,1
90,1,2
90,3,2
90,2,3
90,4,3
90,3,4
90,5,4
90,4,5
90,5,0
90,0,5
90,6,4
90,4,6
90,7,6
90,6,7
90,8,7
90,7,8
90,9,8
90,8,9
90,10,9
90,9,10
90,11,10
90,10,11
90,11,6
90,6,11
90,12,11
90,11,12
90,13,12
90,12,13
90,13,3
90,3,13
90,14,13
90,13,14
90,15,14
90,14,15
90,16,15
90,15,16
90,17,16
90,16,17
90,17,12
90,12,17
90,18,17
90,17,18
90,19,18
90,18,19
90,19,10
90,10,19
90,20,14
90,14,20
90,21,20
90,20,21
90,22,20
90,20,22
91,1,0
91,0,1
91,2,1
91,1,2
91,3,2
91,2,3
91,4,3
91,3,4
91,5,4
91,4,5
91,6,5
91,5,6
91,7,6
91,6,7
91,7,2
91,2,7
91,8,7
91,7,8
91,9,8
91,8,9
91,9,0
91,0,9
91,10,9
91,9,10
91,11,10
91,10,11
91,12,11
91,11,12
91,13,12
91,12,13
91,13,8
91,8,13
91,14,13
91,13,14
91,15,14
91,14,15
91,15,6
91,6,15
91,16,12
91,12,16
91,17,16
91,16,17
91,18,16
91,16,18
91,19,4
91,4,19
91,20,19
91,19,20
91,21,20
91,20,21
91,22,21
91,21,22
91,22,3
91,3,22
91,23,20
91,20,23
91,24,19
91,19,24
92,1,0
92,0,1
92,2,1
92,1,2
92,3,2
92,2,3
92,4,3
92,3,4
92,5,4
92,4,5
92,5,0
92,0,5
92,6,4
92,4,6
92,7,6
92,6,7
92,8,7
92,7,8
92,9,8
92,8,9
92,9,3
92,3,9
92,10,9
92,9,10
92,11,10
92,10,11
92,12,11
92,11,12
92,13,12
92,12,13
92,13,8
92,8,13
92,14,12
92,12,14
92,15,14
92,14,15
92,16,14
92,14,16
92,17,10
92,10,17
92,18,17
92,17,18
92,18,2
92,2,18
93,1,0
93,0,1
93,2,1
93,1,2
93,3,2
93,2,3
93,4,3
93,3,4
93,5,4
93,4,5
93,5,0
93,0,5
93,6,4
93,4,6
93,7,6
93,6,7
93,8,7
93,7,8
93,9,8
93,8,9
93,10,9
93,9,10
93,11,10
93,10,11
93,11,6
93,6,11
93,12,11
93,11,12
93,13,12
93,12,13
93,13,3
93,3,13
93,14,13
93,13,14
93,15,14
93,14,15
93,16,15
93,15,16
93,17,16
93,16,17
93,17,12
93,12,17
93,18,17
93,17,18
93,19,18
93,18,19
93,19,10
93,10,19
93,20,16
93,16,20
93,21,20
93,20,21
93,22,20
93,20,22
94,1,0
94,0,1
94,2,1
94,1,2
94,3,2
94,2,3
94,4,3
94,3,4
94,5,4
94,4,5
94,6,5
94,5,6
94,7,6
94,6,7
94,8,7
94,7,8
94,9,8
94,8,9
94,10,9
94,9,10
94,10,5
94,5,10
94,11,10
94,10,11
94,11,2
94,2,11
94,12,11
94,11,12
94,13,12
94,12,13
94,13,0
94,0,13
94,14,12
94,12,14
94,15,14
94,14,15
94,15,9
94,9,15
94,16,15
94,15,16
94,17,16
94,16,17
94,18,16
94,16,18
95,1,0
95,0,1
95,2,1
95,1,2
95,3,2
95,2,3
95,4,3
95,3,4
95,5,4
95,4,5
95,6,5
95,5,6
95,7,6
95,6,7
95,7,2
95,2,7
95,8,7
95,7,8
95,9,8
95,8,9
95,9,0
95,0,9
95,10,8
95,8,10
95,11,10
95,10,11
95,12,10
95,10,12
95,13,5
95,5,13
95,14,13
95,13,14
95,15,13
95,13,15
95,16,4
95,4,16
95,17,16
95,16,17
95,18,16
95,16,18
96,1,0
96,0,1
96,2,1
96,1,2
96,3,2
96,2,3
96,4,3
96,3,4
96,5,4
96,4,5
96,6,5
96,5,6
96,7,6
96,6,7
96,7,2
96,2,7
96,8,7
96,7,8
96,9,8
96,8,9
96,9,0
96,0,9
96,10,9
96,9,10
96,11,10
96,10,11
96,12,11
96,11,12
96,13,12
96,12,13
96,13,8
96,8,13
96,14,13
96,13,14
96,15,14
96,14,15
96,15,6
96,6,15
96,16,12
96,12,16
96,17,16
96,16,17
96,18,16
96,16,18
96,19,5
96,5,19
96,20,19
96,19,20
96,21,19
96,19,21
96,22,3
96,3,22
96,23,22
96,22,23
96,24,22
96,22,24
97,1,0
97,0,1
97,2,1
97,1,2
97,3,2
97,2,3
97,4,3
97,3,4
97,5,4
97,4,5
97,6,5
97,5,6
97,7,6
97,6,7
97,7,2
97,2,7
97,8,6
97,6,8
97,9,8
97,8,9
97,10,9
97,9,10
97,10,5
97,5,10
97,11,10
97,10,11
97,12,11
97,11,12
97,13,12
97,12,13
97,14,13
97,13,14
97,14,9
97,9,14
97,15,13
97,13,15
97,16,15
97,15,16
97,17,15
97,15,17
98,1,0
98,0,1
98,2,1
98,1,2
98,3,2
98,2,3
98,4,3
98,3,4
98,5,4
98,4,5
98,6,5
98,5,6
98,7,6
98,6,7
98,7,2
98,2,7
98,8,7
98,7,8
98,9,8
98,8,9
98,9,0
98,0,9
98,10,8
98,8,10
98,11,10
98,10,11
98,12,10
98,10,12
99,1,0
99,0,1
99,2,1
99,1,2
99,3,2
99,2,3
99,4,3
99,3,4
99,5,4
99,4,5
99,6,5
99,5,6
99,7,6
99,6,7
99,7,2
99,2,7
99,8,7
99,7,8
99,9,8
99,8,9
99,9,0
99,0,9
99,10,8
99,8,10
99,11,10
99,10,11
99,11,6
99,6,11
99,12,11
99,11,12
99,13,12
99,12,13
99,14,12
99,12,14
100,1,0
100,0,1
100,2,1
100,1,2
100,3,2
100,2,3
100,4,3
100,3,4
100,5,4
100,4,5
100,5,0
100,0,5
100,6,4
100,4,6
100,7,2
100,2,7
100,8,7
100,7,8
100,9,8
100,8,9
100,10,9
100,9,10
100,11,10
100,10,11
100,12,11
100,11,12
100,12,7
100,7,12
100,13,11
100,11,13
100,14,13
100,13,14
100,15,13
100,13,15
101,1,0
101,0,1
101,2,1
101,1,2
101,3,2
101,2,3
101,4,3
101,3,4
101,5,4
101,4,5
101,6,5
101,5,6
101,7,6
101,6,7
101,8,7
101,7,8
101,9,8
101,8,9
101,10,9
101,9,10
101,10,5
101,5,10
101,11,10
101,10,11
101,11,2
101,2,11
101,12,11
101,11,12
101,13,12
101,12,13
101,13,0
101,0,13
101,14,12
101,12,14
101,15,14
101,14,15
101,15,9
101,9,15
101,16,15
101,15,16
101,17,16
101,16,17
101,18,17
101,17,18
101,19,18
101,18,19
101,19,14
101,14,19
101,20,6
101,6,20
101,21,20
101,20,21
101,22,20
101,20,22
102,1,0
102,0,1
102,2,1
102,1,2
102,3,2
102,2,3
102,4,3
102,3,4
102,5,4
102,4,5
102,5,0
102,0,5
102,6,5
102,5,6
102,7,6
102,6,7
102,8,6
102,6,8
102,9,8
102,8,9
102,9,4
102,4,9
102,10,9
102,9,10
102,11,10
102,10,11
102,12,11
102,11,12
102,13,12
102,12,13
102,13,8
102,8,13
102,14,12
102,12,14
102,15,14
102,14,15
102,16,14
102,14,16
102,17,10
102,10,17
102,18,17
102,17,18
102,19,17
102,17,19
102,20,3
102,3,20
102,21,20
102,20,21
102,22,20
102,20,22
102,23,1
102,1,23
102,24,23
102,23,24
102,25,23
102,23,25
103,1,0
103,0,1
103,2,1
103,1,2
103,3,2
103,2,3
103,4,3
103,3,4
103,5,4
103,4,5
103,6,5
103,5,6
103,7,6
103,6,7
103,8,7
103,7,8
103,9,8
103,8,9
103,10,9
103,9,10
103,10,5
103,5,10
103,11,10
103,10,11
103,11,2
103,2,11
103,12,11
103,11,12
103,13,12
103,12,13
103,13,0
103,0,13
103,14,12
103,12,14
103,15,14
103,14,15
103,15,9
103,9,15
103,16,7
103,7,16
103,17,16
103,16,17
103,18,16
103,16,18
104,1,0
104,0,1
104,2,1
104,1,2
104,3,2
104,2,3
104,4,3
104,3,4
104,5,4
104,4,5
104,6,5
104,5,6
104,7,6
104,6,7
104,8,7
104,7,8
104,9,8
104,8,9
104,10,9
104,9,10
104,10,5
104,5,10
104,11,10
104,10,11
104,11,2
104,2,11
104,12,11
104,11,12
104,13,12
104,12,13
104,13,0
104,0,13
104,14,12
104,12,14
104,15,14
104,14,15
104,15,9
104,9,15
104,16,15
104,15,16
104,17,16
104,16,17
104,18,17
104,17,18
104,19,18
104,18,19
104,19,14
104,14,19
104,20,8
104,8,20
104,21,20
104,20,21
104,22,20
104,20,22
105,1,0
105,0,1
105,2,1
105,1,2
105,3,2
105,2,3
105,4,3
105,3,4
105,5,4
105,4,5
105,6,5
105,5,6
105,7,6
105,6,7
105,8,7
105,7,8
105,9,8
105,8,9
105,10,9
105,9,10
105,10,5
105,5,10
105,11,10
105,10,11
105,11,2
105,2,11
105,12,11
105,11,12
105,13,12
105,12,13
105,13,0
105,0,13
105,14,4
105,4,14
105,15,14
105,14,15
105,16,14
105,14,16
106,1,0
106,0,1
106,2,1
106,1,2
106,3,2
106,2,3
106,4,3
106,3,4
106,5,4
106,4,5
106,6,5
106,5,6
106,7,6
106,6,7
106,8,7
106,7,8
106,9,8
106,8,9
106,10,9
106,9,10
106,10,5
106,5,10
106,11,10
106,10,11
106,11,2
106,2,11
106,12,11
106,11,12
106,13,12
106,12,13
106,13,0
106,0,13
106,14,12
106,12,14
106,15,14
106,14,15
106,15,9
106,9,15
106,16,15
106,15,16
106,17,8
106,8,17
106,18,17
106,17,18
106,19,17
106,17,19
107,1,0
107,0,1
107,2,1
107,1,2
107,3,2
107,2,3
107,4,3
107,3,4
107,5,4
107,4,5
107,5,0
107,0,5
107,6,4
107,4,6
107,7,6
107,6,7
107,8,7
107,7,8
107,9,8
107,8,9
107,10,9
107,9,10
107,11,10
107,10,11
107,11,6
107,6,11
107,12,11
107,11,12
107,12,3
107,3,12
107,13,12
107,12,13
107,14,13
107,13,14
107,15,14
107,14,15
107,15,10
107,10,15
107,16,15
107,15,16
107,17,16
107,16,17
107,18,16
107,16,18
107,19,14
107,14,19
107,20,19
107,19,20
107,21,19
107,19,21
107,22,8
107,8,22
107,23,22
107,22,23
107,24,22
107,22,24
108,1,0
108,0,1
108,2,1
108,1,2
108,3,2
108,2,3
108,4,3
108,3,4
108,5,4
108,4,5
108,5,0
108,0,5
108,6,4
108,4,6
108,7,6
108,6,7
108,8,7
108,7,8
108,9,8
108,8,9
108,10,9
108,9,10
108,11,10
108,10,11
108,11,6
108,6,11
108,12,11
108,11,12
108,12,3
108,3,12
108,13,12
108,12,13
108,14,13
108,13,14
108,15,14
108,14,15
108,15,10
108,10,15
108,16,15
108,15,16
108,17,16
108,16,17
108,18,16
108,16,18
109,1,0
109,0,1
109,2,1
109,1,2
109,3,2
109,2,3
109,4,3
109,3,4
109,5,4
109,4,5
109,6,5
109,5,6
109,7,6
109,6,7
109,8,7
109,7,8
109,9,8
109,8,9
109,10,9
109,9,10
109,10,5
109,5,10
109,11,10
109,10,11
109,11,2
109,2,11
109,12,11
109,11,12
109,13,12
109,12,13
109,13,0
109,0,13
109,14,13
109,13,14
109,15,14
109,14,15
109,16,15
109,15,16
109,17,16
109,16,17
109,17,12
109,12,17
109,18,17
109,17,18
109,18,9
109,9,18
109,19,18
109,18,19
109,20,19
109,19,20
109,21,20
109,20,21
109,21,16
109,16,21
109,22,21
109,21,22
109,23,22
109,22,23
109,24,22
109,22,24
109,25,6
109,6,25
109,26,25
109,25,26
109,27,25
109,25,27
110,1,0
110,0,1
110,2,1
110,1,2
110,3,2
110,2,3
110,4,3
110,3,4
110,5,4
110,4,5
110,5,0
110,0,5
110,6,4
110,4,6
110,7,6
110,6,7
110,8,6
110,6,8
110,9,3
110,3,9
110,10,9
110,9,10
110,11,10
110,10,11
110,12,11
110,11,12
110,13,12
110,12,13
110,14,13
110,13,14
110,14,9
110,9,14
110,15,14
110,14,15
110,16,15
110,15,16
110,17,15
110,15,17
110,18,12
110,12,18
110,19,18
110,18,19
110,20,18
110,18,20
110,21,2
110,2,21
110,22,21
110,21,22
110,23,21
110,21,23
111,1,0
111,0,1
111,2,1
111,1,2
111,3,2
111,2,3
111,4,3
111,3,4
111,5,4
111,4,5
111,5,0
111,0,5
111,6,5
111,5,6
111,7,6
111,6,7
111,8,2
111,2,8
111,9,8
111,8,9
111,10,8
111,8,10
112,1,0
112,0,1
112,2,1
112,1,2
112,3,2
112,2,3
112,4,3
112,3,4
112,5,4
112,4,5
112,6,5
112,5,6
112,7,6
112,6,7
112,7,2
112,2,7
112,8,7
112,7,8
112,9,8
112,8,9
112,9,0
112,0,9
112,10,8
112,8,10
112,11,10
112,10,11
112,11,6
112,6,11
112,12,5
112,5,12
112,13,12
112,12,13
112,14,12
112,12,14
113,1,0
113,0,1
113,2,1
113,1,2
113,3,2
113,2,3
113,4,3
113,3,4
113,5,4
113,4,5
113,5,0
113,0,5
113,6,5
113,5,6
113,7,6
113,6,7
113,8,6
113,6,8
113,9,3
113,3,9
113,10,9
113,9,10
113,11,9
113,9,11
113,12,2
113,2,12
114,1,0
114,0,1
114,2,1
114,1,2
114,3,2
114,2,3
114,4,3
114,3,4
114,5,4
114,4,5
114,5,0
114,0,5
114,6,4
114,4,6
114,7,6
114,6,7
114,8,7
114,7,8
114,9,8
114,8,9
114,10,9
114,9,10
114,11,10
114,10,11
114,11,6
114,6,11
114,12,9
114,9,12
114,13,12
114,12,13
114,14,12
114,12,14
114,15,3
114,3,15
115,1,0
115,0,1
115,2,1
115,1,2
115,3,2
115,2,3
115,4,3
115,3,4
115,5,4
115,4,5
115,5,0
115,0,5
115,6,5
115,5,6
115,7,6
115,6,7
115,8,6
115,6,8
115,9,3
115,3,9
115,10,9
115,9,10
115,11,10
115,10,11
115,11,2
115,2,11
116,1,0
116,0,1
116,2,1
116,1,2
116,3,2
116,2,3
116,4,3
116,3,4
116,5,4
116,4,5
116,5,0
116,0,5
116,6,5
116,5,6
116,7,6
116,6,7
116,8,6
116,6,8
116,9,2
116,2,9
117,1,0
117,0,1
117,2,1
117,1,2
117,3,2
117,2,3
117,4,3
117,3,4
117,5,4
117,4,5
117,5,0
117,0,5
117,6,4
117,4,6
117,7,6
117,6,7
117,8,6
117,6,8
117,9,2
117,2,9
117,10,9
117,9,10
117,11,10
117,10,11
117,12,11
117,11,12
117,13,12
117,12,13
117,14,13
117,13,14
117,14,9
117,9,14
117,15,14
117,14,15
117,16,15
117,15,16
117,17,15
117,15,17
117,18,12
117,12,18
117,19,18
117,18,19
117,20,18
117,18,20
118,1,0
118,0,1
118,2,1
118,1,2
118,3,2
118,2,3
118,4,3
118,3,4
118,5,4
118,4,5
118,6,5
118,5,6
118,7,6
118,6,7
118,7,2
118,2,7
118,8,7
118,7,8
118,9,8
118,8,9
118,9,0
118,0,9
118,10,9
118,9,10
118,11,10
118,10,11
118,12,11
118,11,12
118,13,12
118,12,13
118,13,8
118,8,13
118,14,13
118,13,14
118,15,14
118,14,15
118,15,6
118,6,15
118,16,12
118,12,16
118,17,16
118,16,17
118,18,16
118,16,18
118,19,4
118,4,19
118,20,19
118,19,20
118,21,20
118,20,21
118,22,21
118,21,22
118,22,3
118,3,22
119,1,0
119,0,1
119,2,1
119,1,2
119,3,2
119,2,3
119,4,3
119,3,4
119,5,4
119,4,5
119,5,0
119,0,5
119,6,4
119,4,6
119,7,6
119,6,7
119,8,7
119,7,8
119,9,8
119,8,9
119,10,9
119,9,10
119,11,10
119,10,11
119,11,6
119,6,11
119,12,11
119,11,12
119,13,12
119,12,13
119,14,12
119,12,14
119,15,9
119,9,15
119,16,15
119,15,16
119,17,15
119,15,17
119,18,3
119,3,18
119,19,18
119,18,19
119,20,18
119,18,20
120,1,0
120,0,1
120,2,1
120,1,2
120,3,2
120,2,3
120,4,3
120,3,4
120,5,4
120,4,5
120,6,5
120,5,6
120,7,6
120,6,7
120,7,2
120,2,7
120,8,7
120,7,8
120,9,8
120,8,9
120,9,1
120,1,9
120,10,5
120,5,10
120,11,10
120,10,11
120,12,10
120,10,12
121,1,0
121,0,1
121,2,1
121,1,2
121,3,2
121,2,3
121,4,3
121,3,4
121,5,4
121,4,5
121,5,0
121,0,5
121,6,4
121,4,6
121,7,6
121,6,7
121,8,7
121,7,8
121,9,8
121,8,9
121,10,9
121,9,10
121,11,10
121,10,11
121,11,6
121,6,11
121,12,11
121,11,12
121,12,3
121,3,12
121,13,12
121,12,13
121,14,13
121,13,14
121,15,14
121,14,15
121,15,10
121,10,15
121,16,14
121,14,16
121,17,16
121,16,17
121,18,16
121,16,18
121,19,13
121,13,19
121,20,19
121,19,20
121,21,19
121,19,21
121,22,8
121,8,22
121,23,22
121,22,23
121,24,22
121,22,24
122,1,0
122,0,1
122,2,1
122,1,2
122,3,2
122,2,3
122,4,3
122,3,4
122,5,4
122,4,5
122,5,0
122,0,5
122,6,4
122,4,6
122,7,6
122,6,7
122,8,7
122,7,8
122,9,8
122,8,9
122,9,3
122,3,9
122,10,9
122,9,10
122,11,10
122,10,11
122,12,11
122,11,12
122,13,12
122,12,13
122,13,8
122,8,13
122,14,13
122,13,14
122,15,14
122,14,15
122,16,15
122,15,16
122,17,16
122,16,17
122,17,12
122,12,17
122,18,11
122,11,18
122,19,18
122,18,19
122,20,18
122,18,20
123,1,0
123,0,1
123,2,1
123,1,2
123,3,2
123,2,3
123,4,3
123,3,4
123,5,4
123,4,5
123,6,5
123,5,6
123,6,1
123,1,6
123,7,6
123,6,7
123,8,7
123,7,8
123,9,8
123,8,9
123,10,9
123,9,10
123,11,10
123,10,11
123,12,11
123,11,12
123,12,7
123,7,12
123,13,11
123,11,13
123,14,10
123,10,14
123,15,14
123,14,15
123,16,14
123,14,16
124,1,0
124,0,1
124,2,1
124,1,2
124,3,2
124,2,3
124,4,3
124,3,4
124,5,4
124,4,5
124,5,0
124,0,5
124,6,5
124,5,6
124,7,3
124,3,7
124,8,2
124,2,8
124,9,8
124,8,9
124,10,8
124,8,10
125,1,0
125,0,1
125,2,1
125,1,2
125,3,2
125,2,3
125,4,3
125,3,4
125,5,4
125,4,5
125,6,5
125,5,6
125,7,6
125,6,7
125,8,7
125,7,8
125,9,8
125,8,9
125,10,9
125,9,10
125,10,5
125,5,10
125,11,10
125,10,11
125,11,2
125,2,11
125,12,11
125,11,12
125,13,12
125,12,13
125,13,0
125,0,13
125,14,12
125,12,14
125,15,14
125,14,15
125,15,9
125,9,15
125,16,7
125,7,16
125,17,16
125,16,17
125,18,16
125,16,18
126,1,0
126,0,1
126,2,1
126,1,2
126,3,2
126,2,3
126,4,3
126,3,4
126,5,4
126,4,5
126,5,0
126,0,5
126,6,4
126,4,6
126,7,6
126,6,7
126,8,6
126,6,8
126,9,3
126,3,9
126,10,9
126,9,10
126,11,10
126,10,11
126,12,11
126,11,12
126,13,12
126,12,13
126,14,13
126,13,14
126,15,14
126,14,15
126,15,10
126,10,15
126,16,15
126,15,16
126,16,2
126,2,16
126,17,13
126,13,17
126,18,17
126,17,18
126,19,17
126,17,19
127,1,0
127,0,1
127,2,1
127,1,2
127,3,2
127,2,3
127,4,3
127,3,4
127,5,4
127,4,5
127,5,0
127,0,5
127,6,4
127,4,6
127,7,6
127,6,7
127,8,6
127,6,8
127,9,2
127,2,9
127,10,9
127,9,10
127,11,10
127,10,11
127,12,11
127,11,12
127,13,12
127,12,13
127,14,13
127,13,14
127,14,9
127,9,14
127,15,13
127,13,15
127,16,15
127,15,16
127,17,15
127,15,17
127,18,12
127,12,18
127,19,18
127,18,19
127,20,18
127,18,20
128,1,0
128,0,1
128,2,1
128,1,2
128,3,2
128,2,3
128,4,3
128,3,4
128,5,4
128,4,5
128,6,5
128,5,6
128,7,6
128,6,7
128,8,7
128,7,8
128,8,3
128,3,8
128,9,8
128,8,9
128,9,0
128,0,9
128,10,7
128,7,10
128,11,10
128,10,11
128,12,10
128,10,12
128,13,4
128,4,13
128,14,13
128,13,14
128,14,2
128,2,14
129,1,0
129,0,1
129,2,1
129,1,2
129,3,2
129,2,3
129,4,3
129,3,4
129,5,4
129,4,5
129,5,0
129,0,5
129,6,5
129,5,6
129,7,6
129,6,7
129,8,6
129,6,8
129,9,3
129,3,9
129,10,9
129,9,10
129,11,9
129,9,11
129,12,2
129,2,12
129,13,12
129,12,13
130,1,0
130,0,1
130,2,1
130,1,2
130,3,2
130,2,3
130,4,3
130,3,4
130,5,4
130,4,5
130,6,5
130,5,6
130,7,6
130,6,7
130,7,2
130,2,7
130,8,7
130,7,8
130,9,8
130,8,9
130,10,8
130,8,10
131,1,0
131,0,1
131,2,1
131,1,2
131,3,2
131,2,3
131,4,3
131,3,4
131,5,4
131,4,5
131,5,0
131,0,5
131,6,3
131,3,6
131,7,6
131,6,7
131,8,7
131,7,8
131,9,8
131,8,9
131,10,8
131,8,10
131,11,10
131,10,11
131,12,11
131,11,12
131,13,12
131,12,13
131,14,13
131,13,14
131,15,14
131,14,15
131,15,10
131,10,15
131,16,13
131,13,16
131,17,16
131,16,17
131,18,16
131,16,18
132,1,0
132,0,1
132,2,1
132,1,2
132,3,2
132,2,3
132,4,3
132,3,4
132,5,4
132,4,5
132,5,0
132,0,5
132,6,4
132,4,6
132,7,6
132,6,7
132,8,3
132,3,8
132,9,8
132,8,9
132,10,8
132,8,10
133,1,0
133,0,1
133,2,1
133,1,2
133,3,2
133,2,3
133,4,3
133,3,4
133,5,4
133,4,5
133,5,0
133,0,5
133,6,5
133,5,6
133,7,4
133,4,7
133,8,2
133,2,8
133,9,8
133,8,9
133,10,9
133,9,10
133,11,10
133,10,11
133,12,11
133,11,12
133,13,12
133,12,13
133,14,13
133,13,14
133,14,9
133,9,14
133,15,14
133,14,15
133,16,13
133,13,16
133,17,16
133,16,17
133,18,16
133,16,18
133,19,12
133,12,19
133,20,10
133,10,20
133,20,1
133,1,20
134,1,0
134,0,1
134,2,1
134,1,2
134,3,2
134,2,3
134,4,3
134,3,4
134,5,4
134,4,5
134,6,5
134,5,6
134,7,6
134,6,7
134,7,2
134,2,7
134,8,7
134,7,8
134,9,8
134,8,9
134,9,0
134,0,9
134,10,9
134,9,10
134,11,10
134,10,11
134,12,11
134,11,12
134,13,12
134,12,13
134,13,8
134,8,13
134,14,13
134,13,14
134,15,14
134,14,15
134,15,6
134,6,15
134,16,11
134,11,16
134,17,16
134,16,17
134,18,16
134,16,18
134,19,4
134,4,19
134,20,19
134,19,20
134,21,19
134,19,21
135,1,0
135,0,1
135,2,1
135,1,2
135,3,2
135,2,3
135,4,3
135,3,4
135,5,4
135,4,5
135,5,0
135,0,5
135,6,5
135,5,6
135,7,6
135,6,7
135,8,6
135,6,8
135,9,3
135,3,9
135,10,2
135,2,10
136,1,0
136,0,1
136,2,1
136,1,2
136,3,2
136,2,3
136,4,3
136,3,4
136,5,4
136,4,5
136,6,5
136,5,6
136,7,6
136,6,7
136,8,7
136,7,8
136,9,8
136,8,9
136,10,9
136,9,10
136,10,5
136,5,10
136,11,10
136,10,11
136,11,2
136,2,11
136,12,11
136,11,12
136,13,12
136,12,13
136,13,0
136,0,13
136,14,12
136,12,14
136,15,14
136,14,15
136,15,9
136,9,15
136,16,8
136,8,16
136,17,6
136,6,17
136,18,17
136,17,18
136,19,17
136,17,19
137,1,0
137,0,1
137,2,1
137,1,2
137,3,2
137,2,3
137,4,3
137,3,4
137,5,4
137,4,5
137,5,0
137,0,5
137,6,4
137,4,6
137,7,6
137,6,7
137,8,7
137,7,8
137,9,8
137,8,9
137,10,9
137,9,10
137,11,10
137,10,11
137,11,6
137,6,11
137,12,11
137,11,12
137,12,3
137,3,12
137,13,12
137,12,13
137,14,13
137,13,14
137,15,14
137,14,15
137,15,10
137,10,15
137,16,15
137,15,16
137,17,16
137,16,17
137,18,16
137,16,18
137,19,14
137,14,19
137,20,19
137,19,20
137,21,19
137,19,21
138,1,0
138,0,1
138,2,1
138,1,2
138,3,2
138,2,3
138,4,3
138,3,4
138,5,4
138,4,5
138,6,5
138,5,6
138,7,6
138,6,7
138,8,7
138,7,8
138,8,3
138,3,8
138,9,8
138,8,9
138,9,1
138,1,9
138,10,5
138,5,10
138,11,10
138,10,11
138,12,10
138,10,12
139,1,0
139,0,1
139,2,1
139,1,2
139,3,2
139,2,3
139,4,3
139,3,4
139,5,4
139,4,5
139,5,0
139,0,5
139,6,5
139,5,6
139,7,3
139,3,7
139,8,7
139,7,8
139,9,7
139,7,9
139,10,2
139,2,10
140,1,0
140,0,1
140,2,1
140,1,2
140,3,2
140,2,3
140,4,3
140,3,4
140,5,4
140,4,5
140,6,5
140,5,6
140,7,6
140,6,7
140,7,2
140,2,7
140,8,7
140,7,8
140,9,8
140,8,9
140,9,0
140,0,9
140,10,8
140,8,10
140,11,10
140,10,11
140,12,10
140,10,12
140,13,6
140,6,13
140,14,13
140,13,14
140,15,13
140,13,15
141,1,0
141,0,1
141,2,1
141,1,2
141,3,2
141,2,3
141,4,3
141,3,4
141,5,4
141,4,5
141,5,0
141,0,5
141,6,4
141,4,6
141,7,3
141,3,7
141,8,2
141,2,8
141,9,8
141,8,9
141,10,8
141,8,10
142,1,0
142,0,1
142,2,1
142,1,2
142,3,2
142,2,3
142,4,3
142,3,4
142,5,4
142,4,5
142,5,0
142,0,5
142,6,5
142,5,6
142,7,6
142,6,7
142,8,7
142,7,8
142,9,8
142,8,9
142,10,9
142,9,10
142,11,10
142,10,11
142,12,11
142,11,12
142,12,7
142,7,12
142,13,12
142,12,13
142,13,4
142,4,13
142,14,10
142,10,14
142,15,9
142,9,15
142,16,2
142,2,16
142,17,1
142,1,17
142,18,17
142,17,18
142,19,17
142,17,19
143,1,0
143,0,1
143,2,1
143,1,2
143,3,2
143,2,3
143,4,3
143,3,4
143,5,4
143,4,5
143,6,5
143,5,6
143,7,6
143,6,7
143,8,7
143,7,8
143,8,3
143,3,8
143,9,8
143,8,9
143,10,9
143,9,10
143,11,9
143,9,11
144,1,0
144,0,1
144,2,1
144,1,2
144,3,2
144,2,3
144,4,3
144,3,4
144,5,4
144,4,5
144,5,0
144,0,5
144,6,5
144,5,6
144,7,3
144,3,7
144,8,7
144,7,8
144,9,7
144,7,9
144,10,2
144,2,10
145,1,0
145,0,1
145,2,1
145,1,2
145,3,2
145,2,3
145,4,3
145,3,4
145,5,4
145,4,5
145,5,0
145,0,5
145,6,4
145,4,6
145,7,2
145,2,7
145,8,7
145,7,8
145,9,8
145,8,9
145,10,9
145,9,10
145,11,10
145,10,11
145,12,11
145,11,12
145,12,7
145,7,12
145,13,10
145,10,13
145,14,13
145,13,14
145,15,13
145,13,15
146,1,0
146,0,1
146,2,1
146,1,2
146,3,2
146,2,3
146,4,3
146,3,4
146,5,4
146,4,5
146,5,0
146,0,5
146,6,5
146,5,6
146,7,6
146,6,7
146,8,7
146,7,8
146,9,8
146,8,9
146,10,9
146,9,10
146,11,10
146,10,11
146,11,6
146,6,11
146,12,9
146,9,12
146,13,12
146,12,13
146,14,12
146,12,14
146,15,2
146,2,15
147,1,0
147,0,1
147,2,1
147,1,2
147,3,2
147,2,3
147,4,3
147,3,4
147,5,4
147,4,5
147,6,5
147,5,6
147,7,6
147,6,7
147,8,7
147,7,8
147,8,3
147,3,8
147,9,8
147,8,9
147,9,1
147,1,9
147,10,5
147,5,10
147,11,10
147,10,11
147,12,10
147,10,12
148,1,0
148,0,1
148,2,1
148,1,2
148,3,2
148,2,3
148,4,3
148,3,4
148,5,4
148,4,5
148,6,5
148,5,6
148,7,6
148,6,7
148,7,2
148,2,7
148,8,7
148,7,8
148,9,8
148,8,9
148,9,0
148,0,9
148,10,8
148,8,10
148,11,10
148,10,11
148,11,6
148,6,11
148,12,5
148,5,12
148,13,12
148,12,13
148,14,12
148,12,14
149,1,0
149,0,1
149,2,1
149,1,2
149,3,2
149,2,3
149,4,3
149,3,4
149,5,4
149,4,5
149,5,0
149,0,5
149,6,5
149,5,6
149,7,6
149,6,7
149,8,6
149,6,8
149,9,3
149,3,9
149,10,9
149,9,10
149,11,10
149,10,11
149,12,11
149,11,12
149,13,12
149,12,13
149,14,13
149,13,14
149,15,14
149,14,15
149,15,10
149,10,15
149,16,15
149,15,16
149,16,2
149,2,16
149,17,13
149,13,17
149,18,17
149,17,18
149,19,17
149,17,19
150,1,0
150,0,1
150,2,1
150,1,2
150,3,2
150,2,3
150,4,3
150,3,4
150,5,4
150,4,5
150,5,1
150,1,5
150,6,5
150,5,6
150,7,6
150,6,7
150,8,7
150,7,8
150,9,4
150,4,9
150,10,9
150,9,10
150,11,9
150,9,11
151,1,0
151,0,1
151,2,1
151,1,2
151,3,2
151,2,3
151,4,3
151,3,4
151,5,4
151,4,5
151,6,5
151,5,6
151,6,2
151,2,6
151,7,6
151,6,7
151,8,7
151,7,8
151,8,0
151,0,8
151,9,7
151,7,9
151,10,9
151,9,10
151,11,9
151,9,11
152,1,0
152,0,1
152,2,1
152,1,2
152,3,2
152,2,3
152,4,3
152,3,4
152,5,4
152,4,5
152,5,0
152,0,5
152,6,4
152,4,6
152,7,6
152,6,7
152,8,7
152,7,8
152,9,8
152,8,9
152,10,9
152,9,10
152,11,10
152,10,11
152,11,6
152,6,11
152,12,11
152,11,12
152,12,3
152,3,12
152,13,12
152,12,13
152,14,13
152,13,14
152,15,14
152,14,15
152,15,10
152,10,15
152,16,14
152,14,16
152,17,16
152,16,17
152,18,16
152,16,18
152,19,8
152,8,19
152,20,19
152,19,20
152,21,19
152,19,21
153,1,0
153,0,1
153,2,1
153,1,2
153,3,2
153,2,3
153,4,3
153,3,4
153,5,4
153,4,5
153,6,5
153,5,6
153,7,6
153,6,7
153,8,7
153,7,8
153,8,3
153,3,8
153,9,8
153,8,9
153,9,0
153,0,9
153,10,7
153,7,10
153,11,10
153,10,11
153,12,10
153,10,12
153,13,4
153,4,13
153,14,13
153,13,14
153,14,2
153,2,14
154,1,0
154,0,1
154,2,1
154,1,2
154,3,2
154,2,3
154,4,3
154,3,4
154,5,4
154,4,5
154,6,5
154,5,6
154,6,2
154,2,6
154,7,5
154,5,7
154,8,7
154,7,8
154,9,7
154,7,9
154,10,3
154,3,10
154,11,10
154,10,11
154,11,0
154,0,11
155,1,0
155,0,1
155,2,1
155,1,2
155,3,2
155,2,3
155,4,3
155,3,4
155,5,4
155,4,5
155,6,5
155,5,6
155,7,6
155,6,7
155,7,2
155,2,7
155,8,7
155,7,8
155,9,8
155,8,9
155,10,8
155,8,10
155,11,5
155,5,11
155,12,11
155,11,12
155,13,11
155,11,13
156,1,0
156,0,1
156,2,1
156,1,2
156,3,2
156,2,3
156,4,3
156,3,4
156,5,4
156,4,5
156,5,0
156,0,5
156,6,5
156,5,6
156,7,6
156,6,7
156,8,6
156,6,8
156,9,3
156,3,9
156,10,9
156,9,10
156,11,10
156,10,11
156,11,2
156,2,11
157,1,0
157,0,1
157,2,1
157,1,2
157,3,2
157,2,3
157,4,3
157,3,4
157,5,4
157,4,5
157,6,5
157,5,6
157,7,6
157,6,7
157,7,2
157,2,7
157,8,7
157,7,8
157,9,8
157,8,9
157,9,0
157,0,9
157,10,9
157,9,10
157,11,10
157,10,11
157,12,11
157,11,12
157,13,12
157,12,13
157,13,8
157,8,13
157,14,13
157,13,14
157,15,14
157,14,15
157,15,6
157,6,15
157,16,12
157,12,16
157,17,3
157,3,17
157,18,17
157,17,18
157,19,17
157,17,19
158,1,0
158,0,1
158,2,1
158,1,2
158,3,1
158,1,3
158,4,3
158,3,4
158,5,4
158,4,5
158,6,5
158,5,6
158,7,6
158,6,7
158,8,7
158,7,8
158,9,8
158,8,9
158,9,4
158,4,9
158,10,8
158,8,10
158,11,10
158,10,11
158,12,11
158,11,12
158,12,7
158,7,12
158,13,12
158,12,13
158,14,13
158,13,14
158,15,14
158,14,15
158,16,15
158,15,16
158,16,11
158,11,16
158,17,15
158,15,17
158,18,17
158,17,18
158,19,17
158,17,19
159,1,0
159,0,1
159,2,1
159,1,2
159,3,2
159,2,3
159,4,3
159,3,4
159,5,4
159,4,5
159,6,5
159,5,6
159,7,6
159,6,7
159,7,2
159,2,7
159,8,7
159,7,8
159,9,8
159,8,9
159,9,0
159,0,9
159,10,9
159,9,10
159,11,10
159,10,11
159,12,11
159,11,12
159,13,12
159,12,13
159,13,8
159,8,13
159,14,13
159,13,14
159,15,14
159,14,15
159,15,6
159,6,15
159,16,12
159,12,16
159,17,16
159,16,17
159,18,16
159,16,18
159,19,5
159,5,19
160,1,0
160,0,1
160,2,1
160,1,2
160,3,2
160,2,3
160,4,3
160,3,4
160,5,4
160,4,5
160,5,0
160,0,5
160,6,5
160,5,6
160,7,6
160,6,7
160,8,6
160,6,8
160,9,4
160,4,9
160,10,3
160,3,10
160,11,1
160,1,11
160,12,11
160,11,12
160,13,11
160,11,13
161,1,0
161,0,1
161,2,1
161,1,2
161,3,2
161,2,3
161,4,3
161,3,4
161,5,4
161,4,5
161,5,0
161,0,5
161,6,4
161,4,6
161,7,6
161,6,7
161,8,7
161,7,8
161,9,8
161,8,9
161,10,9
161,9,10
161,11,10
161,10,11
161,11,6
161,6,11
161,12,11
161,11,12
161,13,12
161,12,13
161,13,3
161,3,13
161,14,13
161,13,14
161,15,14
161,14,15
161,16,15
161,15,16
161,17,16
161,16,17
161,17,12
161,12,17
161,18,17
161,17,18
161,19,18
161,18,19
161,19,10
161,10,19
161,20,14
161,14,20
161,21,20
161,20,21
161,22,20
161,20,22
161,23,9
161,9,23
161,24,23
161,23,24
161,25,23
161,23,25
162,1,0
162,0,1
162,2,1
162,1,2
162,3,2
162,2,3
162,4,3
162,3,4
162,5,4
162,4,5
162,5,0
162,0,5
162,6,5
162,5,6
162,7,6
162,6,7
162,8,7
162,7,8
162,9,8
162,8,9
162,10,9
162,9,10
162,11,10
162,10,11
162,11,6
162,6,11
162,12,10
162,10,12
162,13,12
162,12,13
162,14,12
162,12,14
162,15,9
162,9,15
162,16,15
162,15,16
162,17,15
162,15,17
162,18,3
162,3,18
162,19,18
162,18,19
162,20,18
162,18,20
162,21,2
162,2,21
162,22,21
162,21,22
162,23,21
162,21,23
163,1,0
163,0,1
163,2,1
163,1,2
163,3,2
163,2,3
163,4,3
163,3,4
163,5,4
163,4,5
163,6,5
163,5,6
163,7,6
163,6,7
163,7,2
163,2,7
163,8,7
163,7,8
163,9,8
163,8,9
163,9,0
163,0,9
163,10,9
163,9,10
163,11,10
163,10,11
163,12,11
163,11,12
163,13,12
163,12,13
163,13,8
163,8,13
163,14,13
163,13,14
163,15,14
163,14,15
163,15,6
163,6,15
163,16,11
163,11,16
163,17,16
163,16,17
163,18,16
163,16,18
163,19,4
163,4,19
163,20,19
163,19,20
163,21,19
163,19,21
164,1,0
164,0,1
164,2,1
164,1,2
164,3,2
164,2,3
164,4,3
164,3,4
164,5,4
164,4,5
164,6,5
164,5,6
164,7,6
164,6,7
164,8,7
164,7,8
164,9,8
164,8,9
164,10,9
164,9,10
164,10,5
164,5,10
164,11,10
164,10,11
164,11,2
164,2,11
164,12,11
164,11,12
164,13,12
164,12,13
164,13,0
164,0,13
164,14,12
164,12,14
164,15,14
164,14,15
164,15,9
164,9,15
164,16,8
164,8,16
164,17,16
164,16,17
164,18,16
164,16,18
164,19,6
164,6,19
164,20,19
164,19,20
164,21,19
164,19,21
165,1,0
165,0,1
165,2,1
165,1,2
165,3,2
165,2,3
165,4,3
165,3,4
165,5,4
165,4,5
165,6,5
165,5,6
165,7,6
165,6,7
165,7,2
165,2,7
165,8,7
165,7,8
165,9,8
165,8,9
165,9,0
165,0,9
165,10,8
165,8,10
165,11,10
165,10,11
165,11,6
165,6,11
165,12,11
165,11,12
165,13,12
165,12,13
165,14,13
165,13,14
165,15,14
165,14,15
165,15,10
165,10,15
165,16,13
165,13,16
165,17,16
165,16,17
165,18,16
165,16,18
166,1,0
166,0,1
166,2,1
166,1,2
166,3,1
166,1,3
166,4,3
166,3,4
166,5,4
166,4,5
166,6,5
166,5,6
166,7,6
166,6,7
166,8,7
166,7,8
166,9,8
166,8,9
166,10,9
166,9,10
166,11,10
166,10,11
166,12,11
166,11,12
166,13,12
166,12,13
166,14,13
166,13,14
166,15,14
166,14,15
166,15,10
166,10,15
166,16,15
166,15,16
166,16,7
166,7,16
166,17,16
166,16,17
166,17,4
166,4,17
166,18,17
166,17,18
166,19,18
166,18,19
166,19,14
166,14,19
166,20,6
166,6,20
166,21,20
166,20,21
166,22,20
166,20,22
167,1,0
167,0,1
167,2,1
167,1,2
167,3,2
167,2,3
167,4,3
167,3,4
167,5,4
167,4,5
167,6,5
167,5,6
167,7,6
167,6,7
167,7,2
167,2,7
167,8,7
167,7,8
167,9,8
167,8,9
167,9,0
167,0,9
167,10,9
167,9,10
167,11,10
167,10,11
167,12,11
167,11,12
167,13,12
167,12,13
167,13,8
167,8,13
167,14,13
167,13,14
167,15,14
167,14,15
167,15,6
167,6,15
167,16,12
167,12,16
167,17,16
167,16,17
167,18,16
167,16,18
167,19,3
167,3,19
167,20,19
167,19,20
167,21,19
167,19,21
168,1,0
168,0,1
168,2,1
168,1,2
168,3,2
168,2,3
168,4,3
168,3,4
168,5,4
168,4,5
168,6,5
168,5,6
168,7,6
168,6,7
168,7,2
168,2,7
168,8,5
168,5,8
168,9,8
168,8,9
168,10,8
168,8,10
169,1,0
169,0,1
169,2,1
169,1,2
169,3,2
169,2,3
169,4,3
169,3,4
169,5,4
169,4,5
169,5,0
169,0,5
169,6,5
169,5,6
169,7,6
169,6,7
169,8,6
169,6,8
169,9,3
169,3,9
169,10,9
169,9,10
169,11,9
169,9,11
169,12,2
169,2,12
170,1,0
170,0,1
170,2,1
170,1,2
170,3,2
170,2,3
170,4,3
170,3,4
170,5,4
170,4,5
170,5,0
170,0,5
170,6,4
170,4,6
170,7,6
170,6,7
170,8,7
170,7,8
170,9,8
170,8,9
170,10,9
170,9,10
170,11,10
170,10,11
170,12,11
170,11,12
170,12,7
170,7,12
170,13,12
170,12,13
170,13,3
170,3,13
170,14,11
170,11,14
170,15,14
170,14,15
170,16,14
170,14,16
171,1,0
171,0,1
171,2,1
171,1,2
171,3,2
171,2,3
171,4,3
171,3,4
171,5,4
171,4,5
171,5,0
171,0,5
171,6,5
171,5,6
171,7,6
171,6,7
171,8,6
171,6,8
171,9,3
171,3,9
171,10,9
171,9,10
171,11,9
171,9,11
171,12,2
171,2,12
171,13,12
171,12,13
171,14,13
171,13,14
171,15,14
171,14,15
171,16,15
171,15,16
171,17,16
171,16,17
171,17,12
171,12,17
171,18,17
171,17,18
171,19,18
171,18,19
171,20,18
171,18,20
171,21,15
171,15,21
171,22,21
171,21,22
171,23,21
171,21,23
172,1,0
172,0,1
172,2,1
172,1,2
172,3,2
172,2,3
172,4,3
172,3,4
172,5,4
172,4,5
172,6,5
172,5,6
172,7,6
172,6,7
172,8,7
172,7,8
172,8,4
172,4,8
172,8,0
172,0,8
172,9,2
172,2,9
172,10,9
172,9,10
172,11,9
172,9,11
173,1,0
173,0,1
173,2,1
173,1,2
173,3,2
173,2,3
173,4,3
173,3,4
173,5,4
173,4,5
173,5,0
173,0,5
173,6,5
173,5,6
173,7,6
173,6,7
173,8,7
173,7,8
173,9,8
173,8,9
173,10,9
173,9,10
173,11,10
173,10,11
173,11,6
173,6,11
173,12,10
173,10,12
173,13,12
173,12,13
173,14,12
173,12,14
173,15,9
173,9,15
173,16,15
173,15,16
173,17,15
173,15,17
173,18,2
173,2,18
173,19,18
173,18,19
173,20,18
173,18,20
174,1,0
174,0,1
174,2,1
174,1,2
174,3,2
174,2,3
174,4,3
174,3,4
174,5,4
174,4,5
174,6,5
174,5,6
174,7,6
174,6,7
174,7,2
174,2,7
174,8,7
174,7,8
174,9,8
174,8,9
174,9,0
174,0,9
174,10,8
174,8,10
174,11,10
174,10,11
174,11,6
174,6,11
174,12,11
174,11,12
174,13,12
174,12,13
174,14,13
174,13,14
174,15,14
174,14,15
174,15,10
174,10,15
174,16,13
174,13,16
174,17,16
174,16,17
174,18,16
174,16,18
174,19,3
174,3,19
174,20,19
174,19,20
174,21,19
174,19,21
175,1,0
175,0,1
175,2,1
175,1,2
175,3,2
175,2,3
175,4,3
175,3,4
175,5,4
175,4,5
175,5,0
175,0,5
175,6,5
175,5,6
175,7,4
175,4,7
175,8,2
175,2,8
175,9,8
175,8,9
175,10,9
175,9,10
175,11,10
175,10,11
175,12,11
175,11,12
175,13,12
175,12,13
175,14,13
175,13,14
175,14,9
175,9,14
175,15,14
175,14,15
175,16,13
175,13,16
175,17,12
175,12,17
175,18,17
175,17,18
175,19,17
175,17,19
175,20,11
175,11,20
175,21,10
175,10,21
175,21,1
175,1,21
176,1,0
176,0,1
176,2,1
176,1,2
176,3,2
176,2,3
176,4,3
176,3,4
176,5,4
176,4,5
176,5,0
176,0,5
176,6,5
176,5,6
176,7,6
176,6,7
176,8,6
176,6,8
176,9,3
176,3,9
176,10,9
176,9,10
176,11,10
176,10,11
176,11,2
176,2,11
177,1,0
177,0,1
177,2,1
177,1,2
177,3,2
177,2,3
177,4,3
177,3,4
177,5,4
177,4,5
177,5,0
177,0,5
177,6,4
177,4,6
177,7,6
177,6,7
177,8,6
177,6,8
177,9,3
177,3,9
177,10,9
177,9,10
177,11,10
177,10,11
177,12,11
177,11,12
177,12,2
177,2,12
177,13,11
177,11,13
177,14,13
177,13,14
177,15,14
177,14,15
177,16,15
177,15,16
177,16,10
177,10,16
177,17,16
177,16,17
177,18,17
177,17,18
177,19,17
177,17,19
178,1,0
178,0,1
178,2,1
178,1,2
178,3,2
178,2,3
178,4,3
178,3,4
178,5,4
178,4,5
178,5,1
178,1,5
178,6,4
178,4,6
178,7,6
178,6,7
178,8,7
178,7,8
178,9,8
178,8,9
178,9,3
178,3,9
178,10,9
178,9,10
178,11,10
178,10,11
178,12,10
178,10,12
179,1,0
179,0,1
179,2,1
179,1,2
179,3,2
179,2,3
179,4,3
179,3,4
179,5,4
179,4,5
179,5,0
179,0,5
179,6,5
179,5,6
179,7,6
179,6,7
179,8,7
179,7,8
179,9,8
179,8,9
179,10,8
179,8,10
179,11,10
179,10,11
179,12,11
179,11,12
179,13,12
179,12,13
179,14,13
179,13,14
179,15,14
179,14,15
179,15,10
179,10,15
179,16,13
179,13,16
179,17,16
179,16,17
179,18,16
179,16,18
179,19,2
179,2,19
179,20,19
179,19,20
179,21,19
179,19,21
180,1,0
180,0,1
180,2,1
180,1,2
180,3,2
180,2,3
180,4,3
180,3,4
180,5,4
180,4,5
180,6,5
180,5,6
180,7,6
180,6,7
180,8,7
180,7,8
180,9,8
180,8,9
180,10,9
180,9,10
180,10,5
180,5,10
180,11,10
180,10,11
180,11,2
180,2,11
180,12,11
180,11,12
180,13,12
180,12,13
180,13,0
180,0,13
180,14,13
180,13,14
180,15,14
180,14,15
180,16,15
180,15,16
180,17,16
180,16,17
180,17,12
180,12,17
180,18,17
180,17,18
180,18,9
180,9,18
180,19,18
180,18,19
180,20,19
180,19,20
180,21,20
180,20,21
180,21,16
180,16,21
180,22,19
180,19,22
180,23,22
180,22,23
180,24,22
180,22,24
180,25,6
180,6,25
180,26,25
180,25,26
180,27,25
180,25,27
181,1,0
181,0,1
181,2,1
181,1,2
181,3,2
181,2,3
181,4,3
181,3,4
181,5,4
181,4,5
181,5,0
181,0,5
181,6,5
181,5,6
181,7,3
181,3,7
181,8,7
181,7,8
181,9,7
181,7,9
181,10,2
181,2,10
182,1,0
182,0,1
182,2,1
182,1,2
182,3,2
182,2,3
182,4,3
182,3,4
182,5,4
182,4,5
182,6,5
182,5,6
182,7,6
182,6,7
182,8,7
182,7,8
182,9,8
182,8,9
182,9,4
182,4,9
182,10,9
182,9,10
182,10,1
182,1,10
182,11,8
182,8,11
182,12,11
182,11,12
182,13,11
182,11,13
183,1,0
183,0,1
183,2,1
183,1,2
183,3,2
183,2,3
183,4,3
183,3,4
183,5,4
183,4,5
183,6,5
183,5,6
183,7,6
183,6,7
183,7,2
183,2,7
183,8,7
183,7,8
183,9,8
183,8,9
183,9,0
183,0,9
183,10,9
183,9,10
183,11,10
183,10,11
183,12,11
183,11,12
183,13,12
183,12,13
183,13,8
183,8,13
183,14,13
183,13,14
183,15,14
183,14,15
183,15,6
183,6,15
183,16,12
183,12,16
183,17,16
183,16,17
183,18,16
183,16,18
183,19,5
183,5,19
183,20,19
183,19,20
183,21,19
183,19,21
184,1,0
184,0,1
184,2,1
184,1,2
184,3,2
184,2,3
184,4,3
184,3,4
184,5,4
184,4,5
184,6,5
184,5,6
184,7,6
184,6,7
184,7,2
184,2,7
184,8,7
184,7,8
184,9,8
184,8,9
184,9,0
184,0,9
184,10,8
184,8,10
184,11,10
184,10,11
184,11,6
184,6,11
184,12,11
184,11,12
184,13,12
184,12,13
184,14,13
184,13,14
184,15,14
184,14,15
184,15,10
184,10,15
184,16,15
184,15,16
184,17,16
184,16,17
184,18,16
184,16,18
184,19,3
184,3,19
184,20,19
184,19,20
184,21,19
184,19,21
185,1,0
185,0,1
185,2,1
185,1,2
185,3,2
185,2,3
185,4,3
185,3,4
185,5,4
185,4,5
185,5,0
185,0,5
185,6,5
185,5,6
185,7,3
185,3,7
185,8,7
185,7,8
185,9,7
185,7,9
185,10,2
185,2,10
185,11,10
185,10,11
185,12,10
185,10,12
186,1,0
186,0,1
186,2,1
186,1,2
186,3,2
186,2,3
186,4,3
186,3,4
186,5,4
186,4,5
186,5,0
186,0,5
186,6,5
186,5,6
186,7,6
186,6,7
186,8,6
186,6,8
186,9,3
186,3,9
186,10,9
186,9,10
186,11,10
186,10,11
186,11,2
186,2,11
187,1,0
187,0,1
187,2,1
187,1,2
187,3,2
187,2,3
187,4,3
187,3,4
187,5,4
187,4,5
187,5,0
187,0,5
187,6,4
187,4,6
187,7,6
187,6,7
187,8,7
187,7,8
187,9,8
187,8,9
187,10,9
187,9,10
187,11,10
187,10,11
187,11,6
187,6,11
187,12,11
187,11,12
187,13,12
187,12,13
187,13,3
187,3,13
187,14,13
187,13,14
187,15,14
187,14,15
187,16,15
187,15,16
187,17,16
187,16,17
187,17,12
187,12,17
187,18,16
187,16,18
187,19,18
187,18,19
187,20,18
187,18,20
188,1,0
188,0,1
188,2,1
188,1,2
188,3,2
188,2,3
188,4,3
188,3,4
188,5,4
188,4,5
188,6,5
188,5,6
188,7,6
188,6,7
188,8,7
188,7,8
188,9,8
188,8,9
188,10,9
188,9,10
188,10,5
188,5,10
188,11,10
188,10,11
188,11,3
188,3,11
188,12,11
188,11,12
188,12,0
188,0,12
188,13,8
188,8,13
188,14,13
188,13,14
188,15,13
188,13,15
